image_id,well_id,sample_id,dilution,candidate_id,x_px,y_px,region,area_px,type,contrast_0_255,local_rgb_r,local_rgb_g,local_rgb_b,is_colony,review_notes,experiment_id
01-IMG_0989,W01,,,1,751.2,902.2,top_left,5,bright,8.52,186.2,142.2,0.0,,,
01-IMG_0989,W01,,,2,719.0,941.5,top_left,4,bright,9.0,185.75,142.75,0.0,,,
01-IMG_0989,W01,,,3,849.1,952.3,top_right,12,bright,8.66,191.67,148.67,0.0,,,
01-IMG_0989,W01,,,4,915.8,953.0,top_right,4,bright,8.28,186.25,143.25,0.0,,,
01-IMG_0989,W01,,,5,692.0,955.8,top_left,10,bright,9.83,190.2,147.2,0.0,,,
01-IMG_0989,W01,,,6,845.0,970.5,top_right,31,bright,9.14,196.26,153.35,0.0,,,
01-IMG_0989,W01,,,7,732.6,974.2,top_left,5,bright,8.28,189.2,146.2,0.0,,,
01-IMG_0989,W01,,,8,738.5,980.0,top_left,6,bright,9.42,190.67,147.67,0.0,,,
01-IMG_0989,W01,,,9,941.5,989.5,top_right,4,bright,8.24,189.25,145.25,0.0,,,
01-IMG_0989,W01,,,10,866.5,990.5,top_right,4,bright,8.09,192.0,152.0,0.0,,,
01-IMG_0989,W01,,,11,876.7,990.9,top_right,9,bright,8.73,194.33,151.33,0.0,,,
01-IMG_0989,W01,,,12,695.9,997.7,top_left,7,dark,8.48,170.43,128.43,0.0,,,
01-IMG_0989,W01,,,13,878.2,1008.8,top_right,5,dark,8.59,170.8,128.8,0.0,,,
01-IMG_0989,W01,,,14,835.8,1028.6,top_right,5,dark,8.83,169.8,127.8,0.0,,,
01-IMG_0989,W01,,,15,884.5,1031.0,top_right,4,dark,8.74,170.75,128.75,0.0,,,
01-IMG_0989,W01,,,16,831.5,1032.5,top_right,4,bright,8.91,189.25,147.25,0.0,,,
01-IMG_0989,W01,,,17,801.6,1038.7,top_right,129,bright,16.26,197.94,159.36,0.0,,,
01-IMG_0989,W01,,,18,670.2,1040.1,top_left,9,dark,9.39,169.0,127.33,0.0,,,
01-IMG_0989,W01,,,19,942.1,1064.2,top_right,14,bright,8.99,198.86,155.86,0.0,,,
01-IMG_0989,W01,,,20,903.7,1072.2,top_right,9,bright,9.05,192.67,151.22,0.0,,,
01-IMG_0989,W01,,,21,552.6,1077.0,top_left,12,bright,8.47,181.08,137.08,0.0,,,
01-IMG_0989,W01,,,22,887.2,1083.4,top_right,5,bright,8.76,184.8,141.8,0.0,,,
01-IMG_0989,W01,,,23,940.1,1087.9,top_right,8,bright,8.99,199.62,156.62,0.0,,,
01-IMG_0989,W01,,,24,949.0,1088.5,top_right,45,bright,11.91,203.71,158.98,0.0,,,
01-IMG_0989,W01,,,25,934.0,1093.0,top_right,21,bright,8.55,197.29,154.29,0.0,,,
01-IMG_0989,W01,,,26,964.7,1099.0,top_right,7,bright,8.88,195.57,152.57,0.0,,,
01-IMG_0989,W01,,,27,928.2,1104.0,top_right,4,bright,8.95,194.0,151.0,0.0,,,
01-IMG_0989,W01,,,28,530.5,1123.0,top_left,8,bright,9.09,183.12,139.88,0.0,,,
01-IMG_0989,W01,,,29,926.3,1123.9,top_right,11,bright,9.19,195.0,151.27,0.0,,,
01-IMG_0989,W01,,,30,533.6,1128.1,top_left,9,bright,8.5,184.33,139.33,0.0,,,
01-IMG_0989,W01,,,31,940.2,1130.6,bottom_right,15,dark,9.52,171.87,127.2,0.0,,,
01-IMG_0989,W01,,,32,513.4,1131.7,bottom_left,7,bright,8.71,180.71,136.71,0.0,,,
01-IMG_0989,W01,,,33,914.7,1133.1,bottom_right,17,bright,9.03,190.82,149.59,0.0,,,
01-IMG_0989,W01,,,34,839.0,1138.5,bottom_right,6,dark,8.45,157.5,108.5,0.0,,,
01-IMG_0989,W01,,,35,906.2,1144.8,bottom_right,4,bright,8.36,186.0,143.0,0.0,,,
01-IMG_0989,W01,,,36,919.2,1154.5,bottom_right,11,bright,10.0,194.0,151.0,0.0,,,
01-IMG_0989,W01,,,37,908.0,1156.1,bottom_right,32,dark,9.44,167.03,123.03,0.0,,,
01-IMG_0989,W01,,,38,771.2,1158.4,bottom_right,5,bright,8.47,188.4,143.6,0.0,,,
01-IMG_0989,W01,,,39,938.8,1163.4,bottom_right,5,bright,8.8,194.6,151.6,0.0,,,
01-IMG_0989,W01,,,40,689.0,1171.5,bottom_left,6,bright,8.7,197.5,157.5,0.0,,,
01-IMG_0989,W01,,,41,794.6,1173.4,bottom_right,7,bright,8.44,182.0,137.14,0.0,,,
01-IMG_0989,W01,,,42,916.5,1204.3,bottom_right,17,bright,9.22,199.0,155.0,0.0,,,
01-IMG_0989,W01,,,43,674.4,1210.2,bottom_left,5,dark,8.31,174.6,133.6,0.0,,,
01-IMG_0989,W01,,,44,816.2,1218.6,bottom_right,9,bright,9.32,187.44,142.78,0.0,,,
01-IMG_0989,W01,,,45,867.9,1219.9,bottom_right,50,bright,10.01,193.76,150.06,0.0,,,
01-IMG_0989,W01,,,46,911.6,1222.8,bottom_right,14,dark,10.27,173.0,129.5,0.0,,,
01-IMG_0989,W01,,,47,858.2,1227.8,bottom_right,4,bright,8.12,190.25,146.75,0.0,,,
01-IMG_0989,W01,,,48,874.5,1229.0,bottom_right,6,bright,8.71,194.67,151.67,0.0,,,
01-IMG_0989,W01,,,49,930.3,1238.4,bottom_right,11,dark,8.69,169.18,125.18,0.0,,,
01-IMG_0989,W01,,,50,865.8,1239.8,bottom_right,6,bright,8.88,193.67,150.5,0.0,,,
01-IMG_0989,W01,,,51,926.5,1240.5,bottom_right,4,dark,8.41,169.0,126.0,0.0,,,
01-IMG_0989,W01,,,52,971.2,1242.3,bottom_right,6,bright,8.12,190.33,147.0,0.0,,,
01-IMG_0989,W01,,,53,958.9,1243.3,bottom_right,10,bright,8.45,191.8,146.8,0.0,,,
01-IMG_0989,W01,,,54,924.4,1263.6,bottom_right,5,bright,8.24,186.0,142.0,0.0,,,
01-IMG_0989,W01,,,55,818.7,1268.3,bottom_right,6,dark,8.27,171.33,125.33,0.0,,,
01-IMG_0989,W01,,,56,834.8,1277.2,bottom_right,11,bright,9.48,192.18,146.18,0.0,,,
01-IMG_0989,W01,,,57,931.3,1295.3,bottom_right,12,bright,9.19,193.0,146.08,0.0,,,
01-IMG_0989,W01,,,58,887.0,1296.2,bottom_right,22,bright,9.52,196.27,150.73,0.0,,,
01-IMG_0989,W01,,,59,877.4,1327.7,bottom_right,7,bright,9.13,194.29,148.71,0.0,,,
01-IMG_0989,W01,,,60,666.0,1328.7,bottom_left,7,dark,9.42,166.86,124.86,0.0,,,
01-IMG_0989,W01,,,61,843.9,1141.1,bottom_right,10457,dark_patch,17.07,168.44,120.89,0.0,,,
01-IMG_0989,W02,,,1,1967.2,1042.8,top_left,6,bright,9.6,198.17,154.33,0.0,,,
01-IMG_0989,W02,,,2,2091.2,1094.8,top_right,4,bright,9.97,196.0,153.0,0.0,,,
01-IMG_0989,W02,,,3,2130.1,1165.2,top_right,19,dark,11.08,167.0,123.84,0.0,,,
01-IMG_0989,W02,,,4,1942.9,1217.8,bottom_left,12,bright,10.72,203.0,164.5,0.0,,,
01-IMG_0989,W02,,,5,1938.0,1222.2,bottom_left,4,bright,10.02,202.0,164.0,0.0,,,
01-IMG_0989,W02,,,6,2092.0,1229.5,bottom_right,4,bright,10.38,187.25,140.25,0.0,,,
01-IMG_0989,W02,,,7,2077.3,1240.0,bottom_right,7,bright,10.25,191.57,148.57,0.0,,,
01-IMG_0989,W02,,,8,2267.8,1280.1,bottom_right,42,bright,16.59,197.81,153.95,7.74,,,
01-IMG_0989,W02,,,9,2066.8,1309.0,bottom_right,42,bright,12.78,198.81,154.74,0.0,,,
01-IMG_0989,W02,,,10,2141.0,1323.8,bottom_right,6,bright,9.88,187.83,142.83,0.0,,,
01-IMG_0989,W02,,,11,2180.5,1367.3,bottom_right,23,bright,10.7,189.91,144.0,0.0,,,
01-IMG_0989,W02,,,12,2096.1,1200.9,bottom_right,5395,dark_patch,15.23,172.74,127.65,0.0,,,
01-IMG_0989,W02,,,13,1958.6,1170.9,bottom_left,315,dark_patch,12.31,180.93,139.98,0.0,,,
01-IMG_0989,W03,,,1,763.7,2022.5,top_right,10,bright,8.36,180.7,143.7,0.0,,,
01-IMG_0989,W03,,,2,794.8,2024.4,top_right,5,dark,9.13,160.0,123.0,0.0,,,
01-IMG_0989,W03,,,3,802.2,2028.8,top_right,4,bright,7.92,180.0,143.0,0.0,,,
01-IMG_0989,W03,,,4,821.9,2033.2,top_right,12,bright,8.17,181.83,144.83,0.0,,,
01-IMG_0989,W03,,,5,666.0,2038.7,top_left,7,bright,8.33,180.14,143.14,0.0,,,
01-IMG_0989,W03,,,6,671.5,2044.5,top_left,13,bright,8.3,181.08,143.92,0.0,,,
01-IMG_0989,W03,,,7,641.7,2048.4,top_left,7,dark,8.53,163.14,121.29,0.0,,,
01-IMG_0989,W03,,,8,650.2,2050.3,top_left,23,bright,10.46,183.13,144.26,0.0,,,
01-IMG_0989,W03,,,9,660.2,2054.2,top_left,4,dark,7.47,162.0,125.0,0.0,,,
01-IMG_0989,W03,,,10,855.1,2056.1,top_right,10,dark,7.74,163.3,124.3,0.0,,,
01-IMG_0989,W03,,,11,905.5,2065.0,top_right,8,bright,8.52,177.25,139.5,0.0,,,
01-IMG_0989,W03,,,12,681.2,2071.0,top_left,6,bright,7.84,180.33,143.33,0.0,,,
01-IMG_0989,W03,,,13,613.4,2083.4,top_left,20,bright,9.2,182.3,144.25,0.0,,,
01-IMG_0989,W03,,,14,900.1,2086.3,top_right,15,bright,8.06,177.33,137.33,0.0,,,
01-IMG_0989,W03,,,15,900.2,2091.8,top_right,6,dark,7.68,158.5,118.5,0.0,,,
01-IMG_0989,W03,,,16,592.2,2092.5,top_left,103,bright,14.02,188.8,149.67,0.0,,,
01-IMG_0989,W03,,,17,931.2,2099.3,top_right,6,bright,8.07,173.33,137.33,0.0,,,
01-IMG_0989,W03,,,18,906.0,2104.5,top_right,6,dark,8.45,155.83,115.83,0.0,,,
01-IMG_0989,W03,,,19,609.0,2111.3,top_left,7,bright,7.95,178.86,141.86,0.0,,,
01-IMG_0989,W03,,,20,786.0,2115.7,top_right,41,bright,8.96,185.61,148.78,0.0,,,
01-IMG_0989,W03,,,21,610.3,2117.8,top_left,12,bright,8.47,179.25,140.83,0.0,,,
01-IMG_0989,W03,,,22,816.5,2128.7,top_right,11,bright,9.25,176.36,139.36,0.0,,,
01-IMG_0989,W03,,,23,609.7,2130.1,top_left,20,bright,9.02,177.6,139.15,0.0,,,
01-IMG_0989,W03,,,24,574.8,2131.0,top_left,4,dark,8.23,158.0,119.0,0.0,,,
01-IMG_0989,W03,,,25,959.5,2132.0,top_right,4,bright,7.42,175.25,135.25,0.0,,,
01-IMG_0989,W03,,,26,783.8,2134.6,top_right,9,bright,7.65,182.11,145.11,0.0,,,
01-IMG_0989,W03,,,27,571.8,2137.6,top_left,12,bright,8.82,176.5,137.5,0.0,,,
01-IMG_0989,W03,,,28,786.0,2141.5,top_right,8,bright,8.87,181.5,144.5,0.0,,,
01-IMG_0989,W03,,,29,705.0,2142.2,top_left,6,bright,7.65,174.0,136.0,0.0,,,
01-IMG_0989,W03,,,30,612.5,2143.8,top_left,6,dark,8.05,155.83,115.83,0.0,,,
01-IMG_0989,W03,,,31,816.0,2144.5,top_right,4,bright,7.45,174.75,135.5,0.0,,,
01-IMG_0989,W03,,,32,977.1,2158.1,top_right,22,bright,10.5,180.59,140.0,0.0,,,
01-IMG_0989,W03,,,33,930.3,2161.5,top_right,6,bright,8.66,175.67,139.67,0.0,,,
01-IMG_0989,W03,,,34,778.0,2164.3,top_right,7,dark,7.89,155.14,118.86,0.0,,,
01-IMG_0989,W03,,,35,936.3,2177.5,top_right,16,dark,8.22,155.69,115.69,0.0,,,
01-IMG_0989,W03,,,36,970.0,2182.6,top_right,8,dark,9.32,151.38,114.38,0.0,,,
01-IMG_0989,W03,,,37,609.3,2182.7,top_left,18,bright,9.3,171.94,131.94,0.0,,,
01-IMG_0989,W03,,,38,986.0,2186.1,top_right,15,bright,8.67,178.13,140.07,0.0,,,
01-IMG_0989,W03,,,39,991.0,2187.5,top_right,4,bright,7.71,177.25,141.25,0.0,,,
01-IMG_0989,W03,,,40,973.0,2189.8,top_right,4,dark,7.55,155.5,118.5,0.0,,,
01-IMG_0989,W03,,,41,982.5,2193.8,top_right,11,bright,7.87,176.82,140.55,0.0,,,
01-IMG_0989,W03,,,42,562.5,2200.8,top_left,15,bright,8.51,171.67,131.67,0.0,,,
01-IMG_0989,W03,,,43,624.4,2201.1,top_left,10,bright,7.95,172.9,132.0,0.0,,,
01-IMG_0989,W03,,,44,812.8,2201.6,top_right,17,dark,8.08,154.82,117.82,0.0,,,
01-IMG_0989,W03,,,45,611.9,2203.6,top_left,25,bright,10.95,175.2,135.2,0.0,,,
01-IMG_0989,W03,,,46,983.8,2210.0,top_right,4,bright,8.32,180.5,142.5,0.0,,,
01-IMG_0989,W03,,,47,975.4,2210.5,top_right,19,bright,8.78,179.53,141.79,0.0,,,
01-IMG_0989,W03,,,48,932.0,2214.7,top_right,7,bright,9.03,174.0,139.0,0.0,,,
01-IMG_0989,W03,,,49,822.5,2216.0,top_right,156,bright,24.55,199.92,159.13,5.16,,,
01-IMG_0989,W03,,,50,526.8,2228.0,top_left,4,bright,7.4,172.0,132.0,0.0,,,
01-IMG_0989,W03,,,51,706.0,2231.2,top_left,4,dark,7.96,153.5,113.5,0.0,,,
01-IMG_0989,W03,,,52,952.5,2232.4,top_right,17,bright,8.48,176.18,138.71,0.0,,,
01-IMG_0989,W03,,,53,625.1,2235.1,top_left,15,dark,7.81,153.07,113.87,0.0,,,
01-IMG_0989,W03,,,54,618.4,2235.7,top_left,7,bright,8.23,171.71,131.71,0.0,,,
01-IMG_0989,W03,,,55,938.7,2239.6,top_right,9,bright,9.05,177.44,142.33,0.0,,,
01-IMG_0989,W03,,,56,946.6,2245.2,top_right,16,bright,10.11,176.56,140.56,0.0,,,
01-IMG_0989,W03,,,57,737.7,2245.4,top_left,11,bright,7.97,171.27,134.82,0.0,,,
01-IMG_0989,W03,,,58,656.3,2245.5,top_left,13,bright,8.64,168.46,131.46,0.0,,,
01-IMG_0989,W03,,,59,939.6,2246.8,top_right,9,bright,8.57,176.78,140.67,0.0,,,
01-IMG_0989,W03,,,60,713.2,2254.9,top_left,18,bright,8.7,173.0,132.72,0.0,,,
01-IMG_0989,W03,,,61,742.7,2256.3,top_left,12,dark,8.33,149.67,112.67,0.0,,,
01-IMG_0989,W03,,,62,700.5,2263.5,bottom_left,4,bright,8.73,170.75,130.75,0.0,,,
01-IMG_0989,W03,,,63,555.9,2267.3,bottom_left,15,bright,8.51,171.93,131.93,0.0,,,
01-IMG_0989,W03,,,64,713.0,2268.0,bottom_left,5,dark,8.18,152.8,112.8,0.0,,,
01-IMG_0989,W03,,,65,739.5,2278.6,bottom_left,20,bright,8.94,168.25,131.25,0.0,,,
01-IMG_0989,W03,,,66,958.5,2286.5,bottom_right,8,bright,8.3,168.88,131.88,0.0,,,
01-IMG_0989,W03,,,67,613.6,2289.7,bottom_left,15,dark,9.05,151.13,111.13,0.0,,,
01-IMG_0989,W03,,,68,724.0,2291.0,bottom_left,7,bright,8.54,168.43,131.43,0.0,,,
01-IMG_0989,W03,,,69,842.5,2313.5,bottom_right,4,dark,7.53,148.0,109.0,0.0,,,
01-IMG_0989,W03,,,70,935.8,2323.2,bottom_right,56,bright,11.88,169.04,132.04,0.0,,,
01-IMG_0989,W03,,,71,540.2,2340.9,bottom_left,88,bright,8.72,174.83,137.59,0.0,,,
01-IMG_0989,W03,,,72,934.2,2381.3,bottom_right,67,bright,10.52,173.96,135.16,0.0,,,
01-IMG_0989,W03,,,73,950.1,2407.5,bottom_right,8,bright,8.74,170.62,133.62,0.0,,,
01-IMG_0989,W03,,,74,937.5,2423.0,bottom_right,4,bright,7.96,168.0,130.0,0.0,,,
01-IMG_0989,W03,,,75,633.4,2426.4,bottom_left,15,bright,9.77,170.73,133.73,0.0,,,
01-IMG_0989,W03,,,76,918.4,2427.4,bottom_right,29,bright,9.04,169.69,132.69,0.0,,,
01-IMG_0989,W03,,,77,592.0,2432.4,bottom_left,14,bright,8.1,168.5,131.5,0.0,,,
01-IMG_0989,W03,,,78,912.6,2433.9,bottom_right,19,bright,9.24,169.84,132.84,0.0,,,
01-IMG_0989,W03,,,79,875.8,2465.8,bottom_right,6,dark,7.78,150.83,111.83,0.0,,,
01-IMG_0989,W03,,,80,655.9,2482.2,bottom_left,16,bright,8.38,169.69,132.69,0.0,,,
01-IMG_0989,W04,,,1,2114.8,2028.2,top_right,8,bright,9.8,189.25,154.25,0.0,,,
01-IMG_0989,W04,,,2,2036.0,2040.1,top_left,26,bright,10.24,196.23,158.23,0.0,,,
01-IMG_0989,W04,,,3,2091.2,2055.2,top_right,6,dark,8.73,174.83,136.0,0.0,,,
01-IMG_0989,W04,,,4,1918.9,2112.2,top_left,12,bright,8.98,192.58,156.92,0.0,,,
01-IMG_0989,W04,,,5,1902.6,2122.1,top_left,36,bright,9.87,194.78,158.94,0.0,,,
01-IMG_0989,W04,,,6,2221.9,2131.9,top_right,8,bright,8.62,184.38,151.0,0.0,,,
01-IMG_0989,W04,,,7,1871.8,2154.5,top_left,4,bright,8.25,190.25,155.0,0.0,,,
01-IMG_0989,W04,,,8,1875.0,2154.7,top_left,7,bright,8.74,192.0,156.0,0.0,,,
01-IMG_0989,W04,,,9,1868.8,2159.8,top_left,9,bright,9.8,190.78,156.56,0.0,,,
01-IMG_0989,W04,,,10,2263.6,2161.2,top_right,5,bright,8.56,178.2,141.2,0.0,,,
01-IMG_0989,W04,,,11,2196.0,2162.0,top_right,33,bright,9.51,189.76,153.24,0.0,,,
01-IMG_0989,W04,,,12,1935.5,2176.0,top_left,4,bright,8.69,189.0,153.0,0.0,,,
01-IMG_0989,W04,,,13,2311.4,2179.8,top_right,5,dark,9.13,155.8,115.8,0.0,,,
01-IMG_0989,W04,,,14,2295.3,2182.5,top_right,11,bright,9.29,178.45,137.45,0.0,,,
01-IMG_0989,W04,,,15,2299.2,2194.6,top_right,5,bright,8.23,175.0,135.4,0.0,,,
01-IMG_0989,W04,,,16,2087.9,2199.6,top_left,14,bright,9.41,188.57,152.57,0.0,,,
01-IMG_0989,W04,,,17,2079.7,2199.8,top_left,11,bright,8.92,188.73,152.09,0.0,,,
01-IMG_0989,W04,,,18,2217.8,2206.3,top_right,12,dark,9.15,162.5,123.5,0.0,,,
01-IMG_0989,W04,,,19,2226.9,2208.5,top_right,11,bright,8.96,184.45,147.45,0.0,,,
01-IMG_0989,W04,,,20,2027.3,2232.8,top_left,6,bright,9.38,183.17,147.17,0.0,,,
01-IMG_0989,W04,,,21,1953.2,2240.2,top_left,4,bright,8.79,184.5,148.5,0.0,,,
01-IMG_0989,W04,,,22,1906.5,2241.5,top_left,4,bright,8.83,185.0,149.0,0.0,,,
01-IMG_0989,W04,,,23,2133.1,2267.6,top_right,9,bright,8.77,183.67,150.67,0.0,,,
01-IMG_0989,W04,,,24,2140.4,2295.8,bottom_right,5,bright,8.66,182.6,147.6,0.0,,,
01-IMG_0989,W04,,,25,2096.0,2299.8,bottom_right,4,bright,9.18,188.0,151.25,0.0,,,
01-IMG_0989,W04,,,26,2311.0,2309.0,bottom_right,5,dark,8.58,150.6,111.6,0.0,,,
01-IMG_0989,W04,,,27,2203.6,2363.3,bottom_right,7,dark,8.83,150.0,109.0,0.0,,,
01-IMG_0989,W04,,,28,2258.4,2387.2,bottom_right,5,dark,8.91,144.8,104.8,0.0,,,
01-IMG_0989,W04,,,29,1902.0,2422.5,bottom_left,19,bright,8.92,173.11,136.26,0.0,,,
01-IMG_0989,W04,,,30,2180.1,2423.1,bottom_right,7,bright,8.62,163.86,126.43,0.0,,,
01-IMG_0989,W04,,,31,2011.5,2433.5,bottom_left,4,dark,8.47,151.0,112.0,0.0,,,
01-IMG_0989,W04,,,32,2228.0,2453.5,bottom_right,4,bright,8.41,162.25,126.0,0.0,,,
01-IMG_0989,W04,,,33,2187.5,2482.5,bottom_right,4,bright,8.86,163.0,126.0,0.0,,,
01-IMG_0989,W04,,,34,2179.5,2486.3,bottom_right,11,bright,9.26,165.45,125.45,0.0,,,
01-IMG_0989,W04,,,35,2084.4,2506.9,bottom_left,7,bright,9.2,165.71,126.29,0.0,,,
02-IMG_0988,W01,,,1,748.8,899.3,top_left,10,bright,15.24,209.4,159.4,0.0,,,
02-IMG_0988,W01,,,2,761.3,914.8,top_left,10,bright,12.35,209.8,159.4,0.0,,,
02-IMG_0988,W01,,,3,932.4,960.8,top_right,5,bright,13.13,209.6,159.6,0.0,,,
02-IMG_0988,W01,,,4,917.9,975.9,top_right,18,bright,12.65,212.5,162.39,0.0,,,
02-IMG_0988,W01,,,5,809.0,1050.4,top_right,92,bright,20.92,223.13,174.89,2.17,,,
02-IMG_0988,W01,,,6,675.1,1068.9,top_left,8,bright,11.98,215.5,164.5,0.0,,,
02-IMG_0988,W01,,,7,736.6,1069.6,top_left,10,bright,12.39,214.5,163.5,0.0,,,
02-IMG_0988,W01,,,8,771.5,1097.5,top_right,4,bright,12.93,212.5,161.5,0.0,,,
02-IMG_0988,W01,,,9,857.8,1098.0,top_right,4,bright,12.68,201.5,147.5,20.0,,,
02-IMG_0988,W01,,,10,733.4,1100.6,top_left,14,bright,13.57,214.79,165.79,0.0,,,
02-IMG_0988,W01,,,11,940.4,1103.8,top_right,17,bright,12.21,215.82,168.82,0.0,,,
02-IMG_0988,W01,,,12,837.8,1116.6,top_right,12,dark,12.88,175.08,121.08,0.0,,,
02-IMG_0988,W01,,,13,559.8,1184.0,bottom_left,4,bright,12.96,211.0,161.0,0.0,,,
02-IMG_0988,W01,,,14,883.7,1200.8,bottom_right,17,bright,13.13,210.59,158.65,0.0,,,
02-IMG_0988,W01,,,15,857.2,1213.4,bottom_right,16,dark,13.4,173.5,120.88,0.0,,,
02-IMG_0988,W01,,,16,686.0,1228.5,bottom_left,6,dark,12.94,188.67,140.67,0.0,,,
02-IMG_0988,W01,,,17,693.5,1238.7,bottom_left,13,bright,13.45,220.23,171.23,0.0,,,
02-IMG_0988,W01,,,18,696.8,1268.7,bottom_left,17,bright,14.53,220.71,173.71,0.0,,,
02-IMG_0988,W01,,,19,891.9,1303.4,bottom_right,11,bright,13.73,219.36,168.36,0.0,,,
02-IMG_0988,W01,,,20,792.2,1322.2,bottom_right,5,bright,13.43,218.6,169.6,0.0,,,
02-IMG_0988,W01,,,21,849.0,1335.5,bottom_right,4,bright,13.42,216.75,166.75,2.75,,,
02-IMG_0988,W01,,,22,871.5,1346.5,bottom_right,4,dark,12.51,186.75,135.75,0.0,,,
02-IMG_0988,W01,,,23,839.8,1364.9,bottom_right,9,bright,13.66,210.67,163.67,17.11,,,
02-IMG_0988,W01,,,24,874.6,1110.9,top_right,769,dark_patch,15.79,187.61,133.47,0.51,,,
02-IMG_0988,W01,,,25,844.7,1176.7,bottom_right,4640,dark_patch,16.69,187.04,133.79,0.83,,,
02-IMG_0988,W02,,,1,2082.9,990.2,top_right,11,bright,18.62,214.82,163.82,12.0,,,
02-IMG_0988,W02,,,2,2119.3,1026.8,top_right,11,dark,15.01,181.0,130.09,0.0,,,
02-IMG_0988,W02,,,3,1866.0,1040.0,top_left,11,bright,17.84,218.27,166.27,11.82,,,
02-IMG_0988,W02,,,4,1843.2,1078.0,top_left,21,bright,19.73,219.86,173.86,16.05,,,
02-IMG_0988,W02,,,5,2091.6,1204.3,bottom_right,22,bright,18.27,210.45,158.5,25.91,,,
02-IMG_0988,W02,,,6,1820.2,1205.0,bottom_left,4,bright,14.61,219.5,169.5,1.75,,,
02-IMG_0988,W02,,,7,2101.2,1214.3,bottom_right,6,dark,14.68,174.17,120.67,0.0,,,
02-IMG_0988,W02,,,8,2078.6,1222.2,bottom_right,5,bright,15.43,206.4,154.4,24.8,,,
02-IMG_0988,W02,,,9,1846.2,1228.4,bottom_left,5,dark,14.3,187.2,139.2,0.0,,,
02-IMG_0988,W02,,,10,2078.7,1237.8,bottom_right,6,dark,14.3,178.5,126.5,0.0,,,
02-IMG_0988,W02,,,11,2073.9,1239.9,bottom_right,8,dark,14.66,180.25,128.75,0.0,,,
02-IMG_0988,W02,,,12,2078.6,1241.8,bottom_right,5,dark,14.59,179.4,127.4,0.0,,,
02-IMG_0988,W02,,,13,1872.4,1292.8,bottom_left,5,dark,15.61,189.8,139.8,0.0,,,
02-IMG_0988,W02,,,14,2272.6,1293.3,bottom_right,49,bright,27.49,226.35,175.35,19.82,,,
02-IMG_0988,W02,,,15,1865.8,1300.8,bottom_left,6,bright,14.78,220.83,170.67,18.33,,,
02-IMG_0988,W02,,,16,2068.3,1316.1,bottom_right,7,bright,14.93,216.86,166.86,8.57,,,
02-IMG_0988,W02,,,17,2073.0,1323.0,bottom_right,9,bright,16.34,219.44,169.89,0.67,,,
02-IMG_0988,W02,,,18,2047.8,1325.8,bottom_left,4,bright,14.27,215.75,169.75,3.0,,,
02-IMG_0988,W02,,,19,2103.8,1337.2,bottom_right,4,bright,15.21,214.75,163.75,13.0,,,
02-IMG_0988,W02,,,20,1985.5,1347.0,bottom_left,6,bright,16.25,218.5,168.5,4.33,,,
02-IMG_0988,W02,,,21,2083.5,1362.0,bottom_right,8,bright,17.41,216.12,165.12,23.0,,,
02-IMG_0988,W02,,,22,2079.4,1376.9,bottom_right,11,bright,18.4,216.64,165.64,21.91,,,
02-IMG_0988,W02,,,23,2050.8,1381.4,bottom_left,5,bright,14.95,215.4,164.4,21.8,,,
02-IMG_0988,W02,,,24,2089.6,1386.4,bottom_right,8,bright,16.55,211.0,159.0,27.5,,,
02-IMG_0988,W02,,,25,2075.0,1390.5,bottom_right,4,bright,14.76,213.5,162.5,11.75,,,
02-IMG_0988,W02,,,26,2007.4,1402.3,bottom_left,9,bright,15.68,214.67,163.67,23.33,,,
02-IMG_0988,W02,,,27,2055.5,1408.5,bottom_left,4,bright,15.99,216.25,166.25,6.75,,,
02-IMG_0988,W02,,,28,2102.5,1226.2,bottom_right,2515,dark_patch,15.69,190.34,137.79,1.79,,,
02-IMG_0988,W03,,,1,712.2,2030.0,top_left,4,bright,10.9,205.25,158.25,0.0,,,
02-IMG_0988,W03,,,2,771.7,2030.6,top_right,47,bright,15.38,209.43,163.4,0.4,,,
02-IMG_0988,W03,,,3,864.0,2053.7,top_right,24,bright,11.03,202.88,157.88,0.0,,,
02-IMG_0988,W03,,,4,677.5,2054.0,top_left,6,bright,10.36,204.33,158.33,0.0,,,
02-IMG_0988,W03,,,5,633.2,2061.6,top_left,32,bright,12.46,207.66,157.66,0.0,,,
02-IMG_0988,W03,,,6,629.8,2072.4,top_left,5,dark,11.97,178.8,129.8,0.0,,,
02-IMG_0988,W03,,,7,601.0,2101.9,top_left,115,bright,20.83,215.7,169.04,13.98,,,
02-IMG_0988,W03,,,8,908.4,2108.2,top_right,5,dark,10.3,172.6,129.8,0.0,,,
02-IMG_0988,W03,,,9,603.3,2109.9,top_left,29,dark,11.91,180.55,133.41,0.0,,,
02-IMG_0988,W03,,,10,829.4,2115.7,top_right,7,dark,11.15,172.86,126.86,0.0,,,
02-IMG_0988,W03,,,11,825.6,2116.4,top_right,8,dark,10.96,173.62,127.62,0.0,,,
02-IMG_0988,W03,,,12,822.6,2116.8,top_right,5,dark,10.64,174.6,128.6,0.0,,,
02-IMG_0988,W03,,,13,934.8,2131.0,top_right,4,dark,10.74,173.25,127.25,0.0,,,
02-IMG_0988,W03,,,14,568.9,2138.5,top_left,30,bright,14.15,203.67,156.67,0.03,,,
02-IMG_0988,W03,,,15,937.8,2144.0,top_right,26,dark,11.14,169.73,127.73,0.0,,,
02-IMG_0988,W03,,,16,946.5,2150.5,top_right,4,bright,11.34,197.5,154.5,0.0,,,
02-IMG_0988,W03,,,17,577.6,2150.7,top_left,12,bright,12.56,201.08,154.08,0.0,,,
02-IMG_0988,W03,,,18,962.0,2151.7,top_right,7,bright,11.08,198.57,155.57,0.0,,,
02-IMG_0988,W03,,,19,966.5,2157.9,top_right,8,dark,11.62,173.38,129.62,0.0,,,
02-IMG_0988,W03,,,20,968.9,2178.9,top_right,8,dark,11.51,170.12,126.88,0.0,,,
02-IMG_0988,W03,,,21,580.8,2185.8,top_left,6,bright,10.8,195.67,149.67,0.0,,,
02-IMG_0988,W03,,,22,988.5,2192.4,top_right,19,bright,12.07,199.21,156.21,0.11,,,
02-IMG_0988,W03,,,23,974.0,2196.8,top_right,4,dark,10.64,171.0,127.0,0.0,,,
02-IMG_0988,W03,,,24,827.0,2207.5,top_right,4,dark,11.06,171.5,126.5,0.0,,,
02-IMG_0988,W03,,,25,912.4,2208.6,top_right,7,dark,11.57,167.86,123.86,0.0,,,
02-IMG_0988,W03,,,26,967.8,2208.7,top_right,6,dark,10.85,170.33,128.33,0.0,,,
02-IMG_0988,W03,,,27,819.0,2219.0,top_right,7,dark,11.46,172.43,129.71,0.0,,,
02-IMG_0988,W03,,,28,827.6,2225.2,top_right,117,bright,27.1,218.25,174.03,16.01,,,
02-IMG_0988,W03,,,29,954.0,2317.7,bottom_right,6,dark,10.73,165.67,121.67,0.0,,,
02-IMG_0988,W03,,,30,969.5,2323.0,bottom_right,6,dark,10.85,166.33,122.33,0.0,,,
02-IMG_0988,W03,,,31,914.7,2324.2,bottom_right,16,bright,11.86,189.56,145.56,0.0,,,
02-IMG_0988,W03,,,32,942.1,2330.9,bottom_right,45,bright,11.39,189.04,145.69,0.0,,,
02-IMG_0988,W03,,,33,947.4,2335.9,bottom_right,20,dark,13.02,163.1,117.3,0.0,,,
02-IMG_0988,W03,,,34,802.5,2339.5,bottom_right,4,dark,10.2,163.25,119.25,0.0,,,
02-IMG_0988,W03,,,35,970.0,2346.2,bottom_right,4,bright,10.8,192.5,146.5,0.0,,,
02-IMG_0988,W03,,,36,838.0,2348.0,bottom_right,9,dark,10.69,164.22,120.22,0.0,,,
02-IMG_0988,W03,,,37,545.4,2348.1,bottom_left,17,bright,10.9,197.47,152.47,0.0,,,
02-IMG_0988,W03,,,38,938.1,2392.3,bottom_right,30,bright,11.92,194.83,148.83,0.0,,,
02-IMG_0988,W03,,,39,960.1,2402.5,bottom_right,28,dark,13.68,165.32,121.32,0.0,,,
02-IMG_0988,W03,,,40,562.4,2408.1,bottom_left,8,bright,11.33,194.62,148.62,0.0,,,
02-IMG_0988,W03,,,41,847.8,2481.8,bottom_right,5,bright,10.86,189.8,145.8,0.0,,,
02-IMG_0988,W03,,,42,794.4,2513.8,bottom_right,9,dark,10.37,163.56,119.56,0.0,,,
02-IMG_0988,W04,,,1,2003.5,2051.5,top_left,4,bright,12.71,212.0,168.0,0.0,,,
02-IMG_0988,W04,,,2,1968.8,2071.8,top_left,6,bright,12.52,213.33,167.33,0.0,,,
02-IMG_0988,W04,,,3,2099.1,2104.3,top_right,14,bright,13.28,213.71,169.93,0.0,,,
02-IMG_0988,W04,,,4,1923.6,2124.1,top_left,16,bright,13.1,214.06,170.06,0.0,,,
02-IMG_0988,W04,,,5,1882.3,2168.5,top_left,31,bright,15.74,218.19,175.19,0.0,,,
02-IMG_0988,W04,,,6,1872.2,2171.0,top_left,6,bright,13.88,214.67,171.5,0.0,,,
02-IMG_0988,W04,,,7,2325.6,2208.8,top_right,5,bright,13.12,199.4,151.4,8.8,,,
02-IMG_0988,W04,,,8,2103.5,2215.5,top_right,6,dark,13.28,179.5,134.5,0.0,,,
02-IMG_0988,W04,,,9,2202.0,2223.2,top_right,5,dark,12.46,175.0,130.0,0.0,,,
02-IMG_0988,W04,,,10,2138.6,2227.8,top_right,5,bright,12.63,210.4,166.4,0.0,,,
02-IMG_0988,W04,,,11,2227.0,2245.0,top_right,11,bright,13.56,205.18,161.18,0.0,,,
02-IMG_0988,W04,,,12,1867.2,2247.2,top_left,12,dark,13.86,179.58,134.58,0.0,,,
02-IMG_0988,W04,,,13,2119.7,2276.5,top_right,32,dark,14.38,174.97,134.09,0.0,,,
02-IMG_0988,W04,,,14,2115.5,2281.3,top_right,6,dark,12.81,176.0,135.0,0.0,,,
02-IMG_0988,W04,,,15,2261.8,2311.8,bottom_right,17,dark,15.07,168.41,121.59,0.0,,,
02-IMG_0988,W04,,,16,2209.4,2339.4,bottom_right,22,dark,15.91,167.64,122.77,0.0,,,
02-IMG_0988,W04,,,17,2186.5,2371.0,bottom_right,6,bright,15.48,196.17,152.17,8.17,,,
02-IMG_0988,W04,,,18,1913.0,2382.8,bottom_left,4,dark,12.69,174.5,131.75,0.0,,,
02-IMG_0988,W04,,,19,1915.1,2425.4,bottom_left,16,dark,12.81,169.25,127.25,0.0,,,
02-IMG_0988,W04,,,20,1910.5,2436.0,bottom_left,6,bright,13.3,200.33,154.33,0.0,,,
02-IMG_0988,W04,,,21,2071.5,2444.0,bottom_left,6,bright,12.63,199.17,154.17,0.0,,,
02-IMG_0988,W04,,,22,2202.7,2492.4,bottom_right,24,bright,13.45,191.75,144.75,0.0,,,
03-IMG_0987,W01,,,1,737.1,951.9,top_left,8,dark,12.67,179.0,127.0,0.0,,,
03-IMG_0987,W01,,,2,858.3,1000.2,top_right,26,bright,20.47,224.04,173.04,8.69,,,
03-IMG_0987,W01,,,3,826.5,1024.5,top_right,4,bright,12.94,215.0,164.0,0.0,,,
03-IMG_0987,W01,,,4,597.2,1048.2,top_left,13,dark,13.04,179.77,127.77,0.0,,,
03-IMG_0987,W01,,,5,817.3,1069.3,top_right,72,bright,28.03,230.64,179.99,17.26,,,
03-IMG_0987,W01,,,6,806.5,1071.5,top_right,4,dark,12.18,187.0,135.0,0.0,,,
03-IMG_0987,W01,,,7,808.5,1074.5,top_right,4,dark,12.29,187.0,135.0,0.0,,,
03-IMG_0987,W01,,,8,919.5,1115.5,top_right,4,dark,11.72,183.75,136.75,0.0,,,
03-IMG_0987,W01,,,9,900.4,1131.8,top_right,5,dark,11.89,176.0,122.6,0.0,,,
03-IMG_0987,W01,,,10,998.8,1133.5,top_right,4,bright,11.62,214.0,164.0,0.0,,,
03-IMG_0987,W01,,,11,913.7,1146.9,top_right,9,dark,13.56,175.0,124.0,0.0,,,
03-IMG_0987,W01,,,12,907.8,1148.0,top_right,4,dark,11.81,175.25,122.25,0.0,,,
03-IMG_0987,W01,,,13,926.0,1175.1,bottom_right,14,bright,12.8,213.86,163.86,0.0,,,
03-IMG_0987,W01,,,14,917.4,1182.2,bottom_right,5,dark,11.79,180.4,129.4,0.0,,,
03-IMG_0987,W01,,,15,890.7,1208.6,bottom_right,10,dark,12.15,180.3,127.3,0.0,,,
03-IMG_0987,W01,,,16,890.0,1220.1,bottom_right,27,bright,13.33,213.44,163.44,0.0,,,
03-IMG_0987,W01,,,17,726.5,1235.5,bottom_left,8,bright,14.66,217.38,173.38,0.0,,,
03-IMG_0987,W01,,,18,714.5,1243.5,bottom_left,4,bright,11.79,215.0,166.0,0.0,,,
03-IMG_0987,W01,,,19,898.9,1321.7,bottom_right,26,bright,13.49,218.54,169.54,0.0,,,
03-IMG_0987,W01,,,20,655.0,1367.2,bottom_left,4,bright,11.9,215.0,164.0,0.0,,,
03-IMG_0987,W01,,,21,858.0,1175.4,bottom_right,6330,dark_patch,16.9,187.53,133.49,0.0,,,
03-IMG_0987,W02,,,1,2111.7,1088.9,top_right,7,bright,13.42,217.43,169.29,0.0,,,
03-IMG_0987,W02,,,2,1917.2,1144.4,top_left,13,dark,15.48,187.46,139.46,0.0,,,
03-IMG_0987,W02,,,3,2067.0,1179.5,top_right,4,dark,14.03,183.5,132.5,0.0,,,
03-IMG_0987,W02,,,4,2008.2,1205.0,bottom_left,4,dark,14.15,189.25,141.25,0.0,,,
03-IMG_0987,W02,,,5,1998.7,1219.6,bottom_left,9,bright,15.02,223.44,176.44,0.0,,,
03-IMG_0987,W02,,,6,1856.0,1228.2,bottom_left,4,bright,13.46,220.75,170.75,7.5,,,
03-IMG_0987,W02,,,7,2275.0,1308.8,bottom_right,45,bright,29.2,227.31,177.16,31.78,,,
03-IMG_0987,W02,,,8,2251.2,1323.8,bottom_right,5,bright,13.66,209.6,158.6,10.8,,,
03-IMG_0987,W02,,,9,2147.0,1416.2,bottom_right,4,bright,14.35,208.5,156.75,16.25,,,
03-IMG_0987,W02,,,10,2105.0,1241.6,bottom_right,3309,dark_patch,15.67,190.33,138.66,0.34,,,
03-IMG_0987,W03,,,1,776.2,2044.8,top_right,25,bright,13.89,210.36,161.16,0.0,,,
03-IMG_0987,W03,,,2,814.1,2045.4,top_right,7,dark,10.87,178.86,131.86,0.0,,,
03-IMG_0987,W03,,,3,848.6,2049.3,top_right,7,bright,11.0,202.29,157.29,0.0,,,
03-IMG_0987,W03,,,4,865.6,2054.4,top_right,7,bright,12.98,204.14,158.14,5.0,,,
03-IMG_0987,W03,,,5,859.8,2057.7,top_right,15,dark,12.31,176.4,130.4,0.0,,,
03-IMG_0987,W03,,,6,861.6,2066.2,top_right,8,bright,12.9,205.25,159.38,5.25,,,
03-IMG_0987,W03,,,7,885.6,2067.6,top_right,22,bright,15.31,206.64,160.64,13.27,,,
03-IMG_0987,W03,,,8,867.5,2069.5,top_right,8,bright,12.89,205.5,159.5,7.0,,,
03-IMG_0987,W03,,,9,846.4,2071.3,top_right,10,bright,11.14,203.8,157.4,0.0,,,
03-IMG_0987,W03,,,10,640.6,2076.1,top_left,45,bright,14.16,210.27,160.27,0.0,,,
03-IMG_0987,W03,,,11,629.6,2102.4,top_left,21,bright,14.49,207.62,161.62,0.0,,,
03-IMG_0987,W03,,,12,606.7,2117.5,top_left,102,bright,16.12,210.2,164.21,0.3,,,
03-IMG_0987,W03,,,13,595.8,2124.2,top_left,13,dark,11.93,176.0,129.0,0.0,,,
03-IMG_0987,W03,,,14,604.3,2127.9,top_left,34,dark,11.93,177.38,130.41,0.0,,,
03-IMG_0987,W03,,,15,834.4,2134.8,top_right,5,dark,11.17,173.6,127.6,0.0,,,
03-IMG_0987,W03,,,16,596.6,2139.3,top_left,10,bright,11.6,200.9,153.9,0.0,,,
03-IMG_0987,W03,,,17,768.5,2152.5,top_right,4,bright,10.99,206.75,160.75,0.0,,,
03-IMG_0987,W03,,,18,575.8,2154.0,top_left,16,bright,11.59,201.25,154.25,0.0,,,
03-IMG_0987,W03,,,19,583.4,2165.2,top_left,13,bright,12.1,200.77,153.77,0.0,,,
03-IMG_0987,W03,,,20,834.4,2239.7,top_right,89,bright,32.15,223.8,178.47,23.18,,,
03-IMG_0987,W03,,,21,820.6,2248.8,top_right,5,dark,11.69,169.2,125.2,0.0,,,
03-IMG_0987,W03,,,22,1009.7,2253.9,top_right,15,bright,14.03,198.93,155.93,0.67,,,
03-IMG_0987,W03,,,23,837.1,2274.2,top_right,11,dark,11.8,164.45,120.45,0.0,,,
03-IMG_0987,W03,,,24,945.1,2348.9,bottom_right,18,bright,12.54,192.44,149.17,0.0,,,
03-IMG_0987,W03,,,25,553.7,2363.6,bottom_left,49,bright,19.55,206.9,161.9,7.92,,,
03-IMG_0987,W03,,,26,942.9,2406.2,bottom_right,20,bright,11.28,195.0,149.9,0.0,,,
03-IMG_0987,W04,,,1,2062.3,2061.2,top_left,6,bright,13.29,214.83,169.83,0.0,,,
03-IMG_0987,W04,,,2,2006.5,2066.5,top_left,4,bright,11.95,212.0,168.0,0.0,,,
03-IMG_0987,W04,,,3,1985.5,2080.8,top_left,13,dark,12.9,185.31,139.31,0.0,,,
03-IMG_0987,W04,,,4,1927.2,2131.6,top_left,13,dark,14.1,183.69,137.69,0.0,,,
03-IMG_0987,W04,,,5,1888.9,2170.4,top_left,11,bright,14.07,214.64,171.45,0.0,,,
03-IMG_0987,W04,,,6,1880.4,2179.8,top_left,5,bright,13.72,213.6,169.6,0.0,,,
03-IMG_0987,W04,,,7,1876.8,2185.2,top_left,4,bright,14.89,214.5,171.0,0.0,,,
03-IMG_0987,W04,,,8,2328.9,2220.1,top_right,8,bright,12.35,198.0,152.0,0.38,,,
03-IMG_0987,W04,,,9,2120.2,2238.8,top_right,5,dark,12.19,179.0,134.0,0.0,,,
03-IMG_0987,W04,,,10,2182.6,2247.7,top_right,29,dark,14.44,177.31,131.62,0.0,,,
03-IMG_0987,W04,,,11,2125.2,2280.9,top_right,9,dark,12.66,180.22,135.22,0.0,,,
03-IMG_0987,W04,,,12,2322.4,2281.3,top_right,7,bright,14.71,197.14,151.14,0.57,,,
03-IMG_0987,W04,,,13,2135.8,2285.6,top_right,5,bright,12.69,209.8,165.8,0.0,,,
03-IMG_0987,W04,,,14,1917.9,2313.7,bottom_left,18,dark,13.39,178.89,133.89,0.0,,,
03-IMG_0987,W04,,,15,1958.4,2321.6,bottom_left,10,dark,13.21,177.1,131.9,0.0,,,
03-IMG_0987,W04,,,16,1920.4,2338.8,bottom_left,14,dark,14.23,177.64,132.64,0.0,,,
03-IMG_0987,W04,,,17,2048.5,2380.0,bottom_left,4,dark,11.94,174.25,132.75,0.0,,,
03-IMG_0987,W04,,,18,2222.4,2398.9,bottom_right,16,dark,13.95,161.56,116.56,0.0,,,
03-IMG_0987,W04,,,19,1914.6,2451.3,bottom_left,7,bright,14.33,202.29,156.86,0.0,,,
03-IMG_0987,W04,,,20,2202.8,2513.0,bottom_right,8,bright,12.96,188.62,144.62,0.0,,,
04-IMG_0986,W01,,,1,890.5,715.0,top_right,4,bright,9.36,203.5,160.5,0.0,,,
04-IMG_0986,W01,,,2,840.0,731.3,top_left,14,bright,8.55,203.64,160.5,0.0,,,
04-IMG_0986,W01,,,3,730.0,749.5,top_left,4,bright,8.97,200.75,155.75,0.0,,,
04-IMG_0986,W01,,,4,733.3,754.9,top_left,15,bright,8.66,202.53,157.53,0.0,,,
04-IMG_0986,W01,,,5,688.2,778.4,top_left,16,bright,8.93,198.94,154.38,0.0,,,
04-IMG_0986,W01,,,6,718.8,778.6,top_left,5,dark,8.68,181.0,135.0,0.0,,,
04-IMG_0986,W01,,,7,710.6,781.0,top_left,5,dark,8.23,181.0,135.0,0.0,,,
04-IMG_0986,W01,,,8,776.6,784.2,top_left,12,bright,9.03,208.0,163.0,0.0,,,
04-IMG_0986,W01,,,9,716.3,791.0,top_left,21,bright,10.3,202.57,157.43,0.0,,,
04-IMG_0986,W01,,,10,693.4,792.8,top_left,5,bright,8.28,202.2,157.2,0.0,,,
04-IMG_0986,W01,,,11,928.0,797.4,top_right,29,bright,10.88,201.59,156.17,0.0,,,
04-IMG_0986,W01,,,12,785.8,838.7,top_left,6,bright,8.58,197.33,153.33,0.0,,,
04-IMG_0986,W01,,,13,902.1,841.4,top_right,25,bright,9.23,196.2,149.2,0.0,,,
04-IMG_0986,W01,,,14,841.1,846.4,top_left,15,bright,9.62,194.8,147.8,0.0,,,
04-IMG_0986,W01,,,15,922.0,890.5,top_right,58,bright,12.03,199.47,154.71,0.0,,,
04-IMG_0986,W01,,,16,850.7,892.8,top_right,16,bright,9.38,196.44,149.69,0.0,,,
04-IMG_0986,W01,,,17,1077.9,900.7,top_right,15,dark,8.58,182.87,138.87,0.0,,,
04-IMG_0986,W01,,,18,859.4,904.8,top_right,5,bright,8.63,196.0,149.0,0.0,,,
04-IMG_0986,W01,,,19,917.3,909.2,top_right,11,bright,8.72,198.45,151.64,0.0,,,
04-IMG_0986,W01,,,20,1055.8,911.2,top_right,13,bright,8.65,198.15,153.23,0.0,,,
04-IMG_0986,W01,,,21,924.1,918.0,top_right,23,bright,8.95,199.35,151.91,0.0,,,
04-IMG_0986,W01,,,22,930.5,923.5,top_right,6,bright,8.48,196.83,150.0,0.0,,,
04-IMG_0986,W01,,,23,1046.3,926.6,top_right,91,dark,9.31,177.26,130.33,0.0,,,
04-IMG_0986,W01,,,24,1004.4,927.6,top_right,11,bright,8.69,199.82,156.55,0.0,,,
04-IMG_0986,W01,,,25,912.8,939.9,top_right,16,bright,8.9,195.75,149.62,0.0,,,
04-IMG_0986,W01,,,26,876.3,960.0,bottom_right,19,bright,9.21,195.84,148.84,0.0,,,
04-IMG_0986,W01,,,27,1081.4,984.8,bottom_right,5,bright,8.31,209.0,166.0,0.0,,,
04-IMG_0986,W01,,,28,1085.8,989.3,bottom_right,10,bright,8.85,210.7,167.7,0.0,,,
04-IMG_0986,W01,,,29,792.4,997.6,bottom_left,7,dark,8.32,179.86,133.86,0.0,,,
04-IMG_0986,W01,,,30,784.5,1016.9,bottom_left,26,bright,9.26,206.88,162.85,0.0,,,
04-IMG_0986,W01,,,31,799.2,1018.6,bottom_left,5,bright,8.8,207.4,163.4,0.0,,,
04-IMG_0986,W01,,,32,1021.2,1020.3,bottom_right,26,bright,9.27,200.81,155.65,0.0,,,
04-IMG_0986,W01,,,33,886.9,1025.7,bottom_right,21,bright,8.99,201.1,154.1,0.0,,,
04-IMG_0986,W01,,,34,972.8,1029.2,bottom_right,25,bright,8.96,193.0,147.92,0.0,,,
04-IMG_0986,W01,,,35,893.6,1039.2,bottom_right,45,bright,10.35,203.91,157.53,0.0,,,
04-IMG_0986,W01,,,36,818.3,1040.4,bottom_left,7,bright,8.78,206.29,162.29,0.0,,,
04-IMG_0986,W01,,,37,897.4,1050.2,bottom_right,16,bright,9.73,202.38,157.19,0.0,,,
04-IMG_0986,W01,,,38,913.6,1050.5,bottom_right,71,dark,8.94,177.34,129.9,0.0,,,
04-IMG_0986,W01,,,39,982.5,1053.3,bottom_right,30,bright,9.36,196.87,150.13,0.0,,,
04-IMG_0986,W01,,,40,930.9,1055.1,bottom_right,9,bright,8.78,195.11,149.78,0.0,,,
04-IMG_0986,W01,,,41,901.5,1055.5,bottom_right,15,bright,9.42,202.07,156.6,0.0,,,
04-IMG_0986,W01,,,42,974.5,1056.5,bottom_right,4,dark,8.52,175.75,126.75,0.0,,,
04-IMG_0986,W01,,,43,933.1,1061.2,bottom_right,19,bright,9.47,195.63,149.79,0.0,,,
04-IMG_0986,W01,,,44,917.7,1066.0,bottom_right,18,dark,9.7,177.83,130.78,0.0,,,
04-IMG_0986,W01,,,45,984.0,1068.5,bottom_right,4,bright,8.6,198.75,152.25,0.0,,,
04-IMG_0986,W01,,,46,976.4,1069.6,bottom_right,7,dark,8.53,176.86,129.86,0.0,,,
04-IMG_0986,W01,,,47,975.0,1074.8,bottom_right,5,dark,8.77,177.4,130.4,0.0,,,
04-IMG_0986,W01,,,48,906.7,1077.6,bottom_right,123,bright,10.14,207.59,164.09,0.0,,,
04-IMG_0986,W01,,,49,924.6,1080.7,bottom_right,62,dark,9.75,177.98,130.97,0.0,,,
04-IMG_0986,W01,,,50,886.3,1081.8,bottom_right,10,dark,8.43,186.0,141.0,0.0,,,
04-IMG_0986,W01,,,51,977.2,1083.6,bottom_right,28,dark,9.42,180.46,134.25,0.0,,,
04-IMG_0986,W01,,,52,962.1,1087.2,bottom_right,14,bright,9.1,198.29,152.21,0.0,,,
04-IMG_0986,W01,,,53,903.6,1088.9,bottom_right,15,bright,8.8,208.47,166.47,0.0,,,
04-IMG_0986,W01,,,54,990.8,1091.3,bottom_right,38,bright,9.5,206.45,165.05,0.0,,,
04-IMG_0986,W01,,,55,926.5,1114.0,bottom_right,28,dark,9.31,180.89,135.0,0.0,,,
04-IMG_0986,W01,,,56,971.3,1124.1,bottom_right,90,bright,13.15,214.9,172.48,0.0,,,
04-IMG_0986,W01,,,57,816.0,1124.5,bottom_left,4,bright,8.58,208.5,166.5,0.0,,,
04-IMG_0986,W01,,,58,886.8,1161.2,bottom_right,4,bright,8.59,207.0,163.0,0.0,,,
04-IMG_0986,W02,,,1,2180.7,776.8,top_right,20,bright,12.19,200.1,154.15,0.0,,,
04-IMG_0986,W02,,,2,2211.6,796.2,top_right,5,bright,10.89,198.8,154.0,0.0,,,
04-IMG_0986,W02,,,3,2145.6,827.9,top_right,9,bright,10.8,203.11,158.11,0.0,,,
04-IMG_0986,W02,,,4,2142.0,835.3,top_left,7,bright,12.22,203.0,159.0,0.0,,,
04-IMG_0986,W02,,,5,2179.5,892.5,top_right,4,bright,10.52,195.0,149.0,0.0,,,
04-IMG_0986,W02,,,6,2129.0,898.0,top_left,5,bright,10.97,194.2,148.2,0.0,,,
04-IMG_0986,W02,,,7,2127.0,904.0,top_left,7,bright,11.8,193.71,147.71,0.0,,,
04-IMG_0986,W02,,,8,2134.0,931.8,top_left,11,bright,11.35,190.18,144.18,0.0,,,
04-IMG_0986,W02,,,9,2234.0,957.0,top_right,84,bright,11.79,199.77,155.21,0.0,,,
04-IMG_0986,W02,,,10,2254.2,967.6,top_right,5,dark,10.65,172.6,126.6,0.0,,,
04-IMG_0986,W02,,,11,2121.1,981.0,top_left,23,bright,11.19,192.65,148.83,0.0,,,
04-IMG_0986,W02,,,12,2242.4,985.8,top_right,5,bright,11.36,195.0,149.0,0.0,,,
04-IMG_0986,W02,,,13,2135.6,1011.7,bottom_left,7,bright,10.84,196.29,149.86,0.0,,,
04-IMG_0986,W02,,,14,2170.6,1023.5,bottom_right,20,bright,12.39,196.75,151.35,0.0,,,
04-IMG_0986,W02,,,15,2265.9,1038.1,bottom_right,9,bright,10.62,196.0,150.0,0.0,,,
04-IMG_0986,W02,,,16,2162.9,1054.1,bottom_right,8,bright,10.83,195.25,149.25,0.0,,,
04-IMG_0986,W02,,,17,2240.9,1071.6,bottom_right,10,bright,11.09,190.7,144.0,0.0,,,
04-IMG_0986,W02,,,18,2219.0,1092.2,bottom_right,4,bright,10.32,190.0,143.0,0.0,,,
04-IMG_0986,W02,,,19,2254.0,1092.2,bottom_right,6,bright,10.83,190.33,144.33,0.0,,,
04-IMG_0986,W02,,,20,2357.6,1117.3,bottom_right,57,bright,26.6,216.47,174.51,11.18,,,
04-IMG_0986,W02,,,21,2256.7,1138.0,bottom_right,7,bright,10.63,192.71,145.71,0.0,,,
04-IMG_0986,W02,,,22,2172.4,1138.1,bottom_right,16,bright,11.48,192.75,149.0,0.0,,,
04-IMG_0986,W02,,,23,2185.1,1140.8,bottom_right,17,dark,10.78,164.0,115.0,0.0,,,
04-IMG_0986,W02,,,24,2111.4,1145.3,bottom_left,7,bright,11.87,198.29,153.86,0.0,,,
04-IMG_0986,W02,,,25,2248.4,1157.1,bottom_right,17,dark,11.83,164.65,117.65,0.0,,,
04-IMG_0986,W02,,,26,2172.1,1160.1,bottom_right,19,bright,11.56,195.16,151.16,0.0,,,
04-IMG_0986,W02,,,27,2185.2,1161.1,bottom_right,27,dark,11.81,164.15,116.19,0.0,,,
04-IMG_0986,W02,,,28,2267.5,1164.5,bottom_right,4,bright,10.84,197.0,151.5,0.0,,,
04-IMG_0986,W02,,,29,2203.0,1165.3,bottom_right,24,bright,12.14,190.88,147.62,0.0,,,
04-IMG_0986,W02,,,30,2231.5,1170.5,bottom_right,14,bright,12.36,195.14,148.21,0.0,,,
04-IMG_0986,W02,,,31,2222.1,1172.5,bottom_right,51,dark,11.06,168.94,121.33,0.0,,,
04-IMG_0986,W02,,,32,2171.5,1173.2,bottom_right,22,bright,11.94,195.05,149.55,0.0,,,
04-IMG_0986,W02,,,33,2295.0,1180.5,bottom_right,6,bright,12.19,198.83,153.83,0.0,,,
04-IMG_0986,W02,,,34,2206.8,1187.5,bottom_right,14,bright,12.87,201.86,155.93,0.0,,,
04-IMG_0986,W02,,,35,2199.9,1187.7,bottom_right,21,dark,11.43,171.0,125.1,0.0,,,
04-IMG_0986,W02,,,36,2147.7,1191.9,bottom_right,14,dark,11.43,175.14,130.43,0.0,,,
04-IMG_0986,W02,,,37,2205.0,1196.2,bottom_right,13,bright,11.33,202.15,157.15,0.0,,,
04-IMG_0986,W03,,,1,908.9,1855.4,top_right,8,bright,9.0,194.62,157.12,0.0,,,
04-IMG_0986,W03,,,2,912.2,1858.4,top_right,5,bright,9.32,195.4,158.4,0.0,,,
04-IMG_0986,W03,,,3,936.3,1874.2,top_right,6,bright,8.85,197.5,160.5,0.0,,,
04-IMG_0986,W03,,,4,753.5,1883.0,top_left,10,bright,8.81,198.6,161.2,0.0,,,
04-IMG_0986,W03,,,5,973.1,1887.8,top_right,55,bright,9.82,196.85,159.85,0.0,,,
04-IMG_0986,W03,,,6,721.6,1894.6,top_left,5,bright,8.69,194.6,157.6,0.0,,,
04-IMG_0986,W03,,,7,821.2,1895.4,top_left,25,bright,9.19,203.2,166.76,0.0,,,
04-IMG_0986,W03,,,8,674.8,1922.2,top_left,178,bright,14.32,201.04,165.44,0.0,,,
04-IMG_0986,W03,,,9,966.8,2002.2,top_right,5,bright,8.69,178.4,141.8,0.0,,,
04-IMG_0986,W03,,,10,955.7,2002.9,top_right,35,bright,10.12,177.83,140.69,0.0,,,
04-IMG_0986,W03,,,11,944.8,2014.6,top_right,5,dark,8.33,152.8,111.8,0.0,,,
04-IMG_0986,W03,,,12,850.1,2020.2,top_right,11,dark,8.85,158.45,119.45,0.0,,,
04-IMG_0986,W03,,,13,915.0,2022.8,top_right,25,dark,8.51,154.32,110.32,0.0,,,
04-IMG_0986,W03,,,14,1046.0,2023.2,top_right,27,dark,9.17,158.48,119.04,0.0,,,
04-IMG_0986,W03,,,15,958.3,2024.9,top_right,107,bright,10.91,179.75,142.07,0.0,,,
04-IMG_0986,W03,,,16,1073.9,2034.0,top_right,13,bright,8.81,196.15,158.23,0.0,,,
04-IMG_0986,W03,,,17,988.3,2034.4,top_right,22,bright,9.51,180.18,143.18,0.0,,,
04-IMG_0986,W03,,,18,952.9,2044.2,top_right,26,dark,8.4,158.54,118.54,0.0,,,
04-IMG_0986,W03,,,19,858.1,2046.2,top_right,23,bright,9.73,180.3,144.96,0.0,,,
04-IMG_0986,W03,,,20,888.9,2046.5,top_right,17,dark,9.41,166.76,129.76,0.0,,,
04-IMG_0986,W03,,,21,901.4,2048.8,top_right,171,bright,23.02,206.05,165.89,2.57,,,
04-IMG_0986,W03,,,22,939.7,2051.0,top_right,76,bright,11.45,181.8,146.12,0.0,,,
04-IMG_0986,W03,,,23,911.0,2054.5,top_right,13,dark,8.51,165.23,125.38,0.0,,,
04-IMG_0986,W03,,,24,866.8,2055.9,top_right,22,bright,9.7,181.14,144.27,0.0,,,
04-IMG_0986,W03,,,25,924.9,2070.1,top_right,7,bright,8.53,177.14,140.14,0.0,,,
04-IMG_0986,W03,,,26,894.5,2077.0,top_right,11,dark,9.11,153.91,113.91,0.0,,,
04-IMG_0986,W03,,,27,1036.3,2081.8,top_right,26,dark,9.48,163.04,129.19,0.0,,,
04-IMG_0986,W03,,,28,976.5,2092.5,top_right,6,dark,8.7,165.67,128.67,0.0,,,
04-IMG_0986,W03,,,29,944.5,2099.7,bottom_right,6,bright,8.45,181.5,145.5,0.0,,,
04-IMG_0986,W03,,,30,1015.5,2103.5,bottom_right,6,bright,8.91,192.67,160.67,0.0,,,
04-IMG_0986,W03,,,31,1022.8,2125.0,bottom_right,4,dark,8.53,169.0,126.5,0.0,,,
04-IMG_0986,W03,,,32,1016.0,2159.1,bottom_right,54,bright,11.21,189.61,156.46,0.0,,,
04-IMG_0986,W03,,,33,936.2,2161.0,bottom_right,6,bright,8.96,184.5,151.5,0.0,,,
04-IMG_0986,W03,,,34,887.3,2170.4,bottom_right,31,dark,8.97,159.87,121.06,0.0,,,
04-IMG_0986,W03,,,35,616.9,2175.0,bottom_left,43,bright,11.02,184.84,148.67,0.0,,,
04-IMG_0986,W03,,,36,1013.5,2218.3,bottom_right,52,bright,10.33,186.79,150.79,0.0,,,
04-IMG_0986,W03,,,37,926.0,2010.0,top_right,1242,dark_patch,20.16,157.94,115.63,0.0,,,
04-IMG_0986,W03,,,38,856.5,2081.7,top_right,554,dark_patch,18.38,159.42,119.38,0.0,,,
04-IMG_0986,W04,,,1,2149.4,1863.4,top_left,7,bright,9.49,201.29,161.29,0.0,,,
04-IMG_0986,W04,,,2,2112.3,1870.7,top_left,27,bright,11.55,203.52,165.07,0.0,,,
04-IMG_0986,W04,,,3,2281.9,1905.1,top_right,8,bright,9.57,195.38,158.38,0.0,,,
04-IMG_0986,W04,,,4,2255.1,1923.6,top_right,15,bright,10.29,196.33,159.33,0.0,,,
04-IMG_0986,W04,,,5,1985.9,1958.1,top_left,12,bright,9.71,204.33,168.33,0.0,,,
04-IMG_0986,W04,,,6,2160.7,1986.4,top_left,10,bright,9.22,184.2,144.2,0.0,,,
04-IMG_0986,W04,,,7,2293.0,1990.0,top_right,10,bright,9.68,192.7,154.7,0.0,,,
04-IMG_0986,W04,,,8,2165.4,2000.4,top_left,8,dark,9.83,159.0,117.0,0.0,,,
04-IMG_0986,W04,,,9,2165.5,2005.5,top_left,4,dark,9.08,159.0,117.0,0.0,,,
04-IMG_0986,W04,,,10,1942.5,2039.0,top_left,6,dark,9.59,179.33,142.33,0.0,,,
04-IMG_0986,W04,,,11,2188.0,2049.8,top_right,8,bright,9.45,180.0,142.25,0.0,,,
04-IMG_0986,W04,,,12,1967.5,2050.0,top_left,18,bright,10.61,203.94,170.44,0.0,,,
04-IMG_0986,W04,,,13,1961.5,2053.5,top_left,4,bright,9.05,202.0,166.0,0.0,,,
04-IMG_0986,W04,,,14,2196.6,2064.7,top_right,18,bright,9.8,182.28,143.17,0.0,,,
04-IMG_0986,W04,,,15,1984.5,2072.5,top_left,4,bright,9.07,194.75,161.75,0.0,,,
04-IMG_0986,W04,,,16,2189.0,2095.5,top_right,6,bright,9.26,172.5,137.5,0.0,,,
04-IMG_0986,W04,,,17,2237.7,2101.0,top_right,24,bright,10.07,177.88,139.71,0.0,,,
04-IMG_0986,W04,,,18,2184.9,2102.0,top_right,23,bright,10.01,173.7,137.7,0.0,,,
04-IMG_0986,W04,,,19,2161.8,2125.3,bottom_left,55,dark,10.68,148.82,107.91,0.0,,,
04-IMG_0986,W04,,,20,2168.7,2141.2,bottom_left,18,bright,10.02,177.83,140.83,0.0,,,
04-IMG_0986,W04,,,21,2191.5,2145.6,bottom_right,21,bright,11.68,179.9,142.9,0.0,,,
04-IMG_0986,W04,,,22,2203.5,2150.5,bottom_right,4,bright,9.52,177.0,140.0,0.0,,,
04-IMG_0986,W04,,,23,2222.6,2180.7,bottom_right,7,bright,9.31,179.43,143.43,0.0,,,
04-IMG_0986,W04,,,24,2227.0,2187.7,bottom_right,7,bright,9.17,182.29,145.57,0.0,,,
04-IMG_0986,W04,,,25,1991.8,2267.4,bottom_left,5,bright,9.43,181.4,144.4,0.0,,,
04-IMG_0986,W04,,,26,2144.0,2273.1,bottom_left,38,bright,10.09,181.29,146.92,0.0,,,
04-IMG_0986,W04,,,27,2034.8,2298.0,bottom_left,4,dark,10.02,156.5,117.5,0.0,,,
04-IMG_0986,W04,,,28,2155.3,2314.5,bottom_left,6,dark,9.26,148.67,111.67,0.0,,,
04-IMG_0986,W04,,,29,2148.9,2339.4,bottom_left,16,bright,9.67,171.12,133.5,0.0,,,
04-IMG_0986,W04,,,30,2161.9,2351.7,bottom_left,23,bright,10.16,174.48,134.48,0.0,,,
04-IMG_0986,W04,,,31,2156.2,2355.8,bottom_left,4,bright,10.11,172.5,135.5,0.0,,,
04-IMG_0986,W04,,,32,2183.3,1994.9,top_right,1401,dark_patch,18.55,162.88,122.43,0.0,,,
04-IMG_0986,W04,,,33,2163.8,2106.7,top_left,1104,dark_patch,19.19,158.7,116.62,0.0,,,
05-IMG_0985,W01,,,1,929.2,786.2,top_right,18,bright,17.16,228.72,177.78,0.0,,,
05-IMG_0985,W01,,,2,887.2,844.0,top_right,5,dark,15.87,185.4,131.8,0.0,,,
05-IMG_0985,W01,,,3,836.7,853.4,top_left,19,bright,17.74,220.68,167.68,0.47,,,
05-IMG_0985,W01,,,4,1027.9,865.7,top_right,7,bright,15.99,226.86,175.86,0.0,,,
05-IMG_0985,W01,,,5,923.0,876.1,top_right,47,bright,18.76,228.7,177.17,0.0,,,
05-IMG_0985,W01,,,6,812.9,876.3,top_left,10,dark,16.06,183.3,129.6,0.0,,,
05-IMG_0985,W01,,,7,1034.7,883.9,top_right,12,dark,17.74,186.0,134.0,0.0,,,
05-IMG_0985,W01,,,8,1049.4,915.2,top_right,17,dark,16.71,188.47,136.47,0.0,,,
05-IMG_0985,W01,,,9,822.7,958.0,bottom_left,7,bright,16.73,225.29,173.29,0.0,,,
05-IMG_0985,W01,,,10,865.5,990.8,bottom_right,13,bright,18.0,225.46,173.46,0.0,,,
05-IMG_0985,W01,,,11,989.1,1008.8,bottom_right,26,dark,16.48,184.92,132.35,0.0,,,
05-IMG_0985,W01,,,12,1013.7,1022.2,bottom_right,9,dark,16.66,188.78,136.78,0.0,,,
05-IMG_0985,W01,,,13,997.2,1033.4,bottom_right,5,bright,17.02,227.0,177.0,0.0,,,
05-IMG_0985,W01,,,14,632.7,1037.0,bottom_left,9,bright,15.9,229.44,180.44,0.0,,,
05-IMG_0985,W01,,,15,935.5,1052.0,bottom_right,4,bright,15.41,225.0,173.0,0.0,,,
05-IMG_0985,W01,,,16,930.0,1065.7,bottom_right,7,dark,16.32,188.29,136.29,0.0,,,
05-IMG_0985,W02,,,1,2134.6,768.2,top_left,5,bright,16.66,224.8,174.4,0.0,,,
05-IMG_0985,W02,,,2,2224.5,772.5,top_right,4,dark,18.38,180.5,129.5,0.0,,,
05-IMG_0985,W02,,,3,2160.4,849.4,top_right,14,dark,16.59,186.57,133.57,0.0,,,
05-IMG_0985,W02,,,4,2141.9,882.6,top_left,11,bright,18.66,224.45,172.45,0.0,,,
05-IMG_0985,W02,,,5,2180.9,904.3,top_right,9,bright,19.07,220.89,167.11,13.67,,,
05-IMG_0985,W02,,,6,2232.9,941.4,top_right,8,bright,15.85,224.62,172.88,0.0,,,
05-IMG_0985,W02,,,7,2086.1,983.1,top_left,9,bright,16.53,218.78,165.78,0.33,,,
05-IMG_0985,W02,,,8,2203.1,1081.6,bottom_right,14,dark,18.73,176.43,121.5,0.0,,,
05-IMG_0985,W02,,,9,2357.4,1108.9,bottom_right,8,bright,26.85,236.0,184.75,13.12,,,
05-IMG_0985,W02,,,10,2199.5,1115.5,bottom_right,4,bright,17.65,215.75,160.75,22.5,,,
05-IMG_0985,W02,,,11,2202.8,1126.2,bottom_right,4,bright,16.31,215.5,160.5,22.0,,,
05-IMG_0985,W02,,,12,2304.9,1132.9,bottom_right,8,bright,18.3,225.62,173.38,1.5,,,
05-IMG_0985,W02,,,13,2202.8,1133.0,bottom_right,4,bright,15.93,215.25,160.25,22.75,,,
05-IMG_0985,W02,,,14,2186.5,1135.0,bottom_right,83,dark,18.32,176.06,122.07,0.0,,,
05-IMG_0985,W02,,,15,2156.5,1137.6,bottom_right,10,bright,18.83,228.4,177.4,7.3,,,
05-IMG_0985,W02,,,16,2171.2,1140.1,bottom_right,9,bright,17.28,222.0,170.0,13.0,,,
05-IMG_0985,W02,,,17,2221.3,1156.2,bottom_right,12,dark,16.78,179.75,126.75,0.0,,,
05-IMG_0985,W02,,,18,2171.1,1157.9,bottom_right,14,bright,18.1,222.07,171.07,6.79,,,
05-IMG_0985,W03,,,1,808.8,1855.5,top_left,13,dark,16.73,191.23,144.23,0.0,,,
05-IMG_0985,W03,,,2,727.7,1867.0,top_left,14,bright,16.06,223.43,176.43,0.0,,,
05-IMG_0985,W03,,,3,694.4,1899.3,top_left,7,bright,15.81,224.71,180.71,0.0,,,
05-IMG_0985,W03,,,4,682.6,1908.2,top_left,5,bright,15.66,224.4,180.4,0.0,,,
05-IMG_0985,W03,,,5,670.3,1911.6,top_left,76,bright,21.26,229.75,186.3,0.0,,,
05-IMG_0985,W03,,,6,650.8,1914.5,top_left,11,bright,22.36,226.73,181.18,8.0,,,
05-IMG_0985,W03,,,7,646.0,1923.0,top_left,16,bright,21.28,225.94,181.0,4.31,,,
05-IMG_0985,W03,,,8,790.8,1931.8,top_left,4,dark,15.69,191.25,147.25,0.0,,,
05-IMG_0985,W03,,,9,659.2,1934.2,top_left,14,bright,16.21,223.14,179.14,0.0,,,
05-IMG_0985,W03,,,10,640.4,1946.9,top_left,27,bright,20.56,222.96,177.96,1.96,,,
05-IMG_0985,W03,,,11,931.4,1987.3,top_right,7,dark,15.59,166.71,117.71,0.0,,,
05-IMG_0985,W03,,,12,959.5,2001.7,top_right,14,dark,16.43,173.21,126.14,0.0,,,
05-IMG_0985,W03,,,13,944.6,2002.4,top_right,24,dark,16.73,166.67,118.25,0.0,,,
05-IMG_0985,W03,,,14,964.0,2002.7,top_right,7,dark,15.49,175.57,128.57,0.0,,,
05-IMG_0985,W03,,,15,975.5,2005.6,top_right,30,dark,18.16,172.6,125.7,0.0,,,
05-IMG_0985,W03,,,16,907.6,2007.7,top_right,23,dark,16.64,165.83,117.83,0.0,,,
05-IMG_0985,W03,,,17,956.8,2011.1,top_right,14,bright,16.29,210.79,164.79,0.0,,,
05-IMG_0985,W03,,,18,948.9,2012.7,top_right,13,bright,16.41,207.85,161.77,0.0,,,
05-IMG_0985,W03,,,19,964.1,2014.6,top_right,16,bright,16.43,212.25,166.69,0.0,,,
05-IMG_0985,W03,,,20,899.5,2038.5,top_right,51,bright,28.59,231.53,182.76,29.47,,,
05-IMG_0985,W03,,,21,911.5,2040.5,top_right,4,dark,15.4,176.5,133.5,0.0,,,
05-IMG_0985,W03,,,22,940.0,2047.0,top_right,11,bright,16.75,213.36,167.45,0.0,,,
05-IMG_0985,W03,,,23,892.5,2069.6,top_right,38,dark,17.66,167.24,120.24,0.0,,,
05-IMG_0985,W03,,,24,596.0,2112.3,bottom_left,11,bright,16.6,215.73,171.73,0.0,,,
05-IMG_0985,W03,,,25,1007.5,2127.0,bottom_right,6,bright,16.36,218.0,175.0,0.0,,,
05-IMG_0985,W03,,,26,615.4,2161.0,bottom_left,31,bright,21.24,220.81,177.58,0.94,,,
05-IMG_0985,W03,,,27,899.4,2168.4,bottom_right,28,bright,20.11,219.71,176.32,1.79,,,
05-IMG_0985,W03,,,28,600.2,2174.4,bottom_left,9,bright,17.59,213.22,169.22,0.0,,,
05-IMG_0985,W03,,,29,1013.0,2205.1,bottom_right,38,bright,19.66,220.92,177.92,0.05,,,
05-IMG_0985,W03,,,30,937.4,2291.6,bottom_right,12,bright,15.94,213.83,173.83,0.0,,,
05-IMG_0985,W03,,,31,923.2,2000.3,top_right,1228,dark_patch,20.92,177.78,129.68,0.0,,,
05-IMG_0985,W03,,,32,854.5,2065.9,top_right,298,dark_patch,18.49,182.91,134.93,0.0,,,
05-IMG_0985,W04,,,1,2296.2,2067.8,top_right,4,bright,15.94,209.75,163.75,0.0,,,
05-IMG_0985,W04,,,2,2185.6,2085.2,top_right,5,bright,16.34,206.2,159.2,0.2,,,
05-IMG_0985,W04,,,3,2157.0,2088.2,top_left,4,bright,16.46,208.25,158.25,0.0,,,
05-IMG_0985,W04,,,4,2172.8,2088.6,top_right,8,dark,16.73,165.62,117.62,0.0,,,
05-IMG_0985,W04,,,5,2236.6,2089.2,top_right,9,bright,17.43,210.44,164.44,0.0,,,
05-IMG_0985,W04,,,6,2241.9,2092.9,top_right,13,bright,17.0,210.23,164.23,0.0,,,
05-IMG_0985,W04,,,7,2159.3,2114.6,bottom_left,24,dark,18.06,164.12,115.29,0.0,,,
05-IMG_0985,W04,,,8,2172.0,2121.8,bottom_right,12,bright,16.2,207.5,161.5,0.0,,,
05-IMG_0985,W04,,,9,2184.9,2126.1,bottom_right,24,dark,17.02,172.04,125.04,0.0,,,
05-IMG_0985,W04,,,10,2112.5,2177.5,bottom_left,14,bright,19.12,220.43,177.29,0.0,,,
05-IMG_0985,W04,,,11,2141.6,2260.4,bottom_left,9,bright,16.33,214.11,171.0,0.0,,,
05-IMG_0985,W04,,,12,2171.4,1996.5,top_right,409,dark_patch,18.19,186.72,136.06,0.0,,,
05-IMG_0985,W04,,,13,2165.6,2038.4,top_left,291,dark_patch,18.38,180.71,132.93,0.0,,,
05-IMG_0985,W04,,,14,2164.8,2095.8,top_left,921,dark_patch,18.96,178.2,129.89,0.0,,,
06-IMG_0984,W01,,,1,940.1,806.6,top_right,17,bright,16.74,228.18,177.18,0.0,,,
06-IMG_0984,W01,,,2,873.5,866.5,top_right,4,bright,16.72,222.25,170.25,0.0,,,
06-IMG_0984,W01,,,3,931.8,895.4,top_right,5,bright,15.59,223.8,172.8,0.0,,,
06-IMG_0984,W01,,,4,827.2,1026.2,bottom_left,16,dark,16.97,193.38,141.44,0.0,,,
06-IMG_0984,W01,,,5,998.6,1028.3,bottom_right,36,dark,17.86,182.31,129.31,0.0,,,
06-IMG_0984,W01,,,6,1022.5,1042.0,bottom_right,4,dark,15.24,191.75,138.75,0.0,,,
06-IMG_0984,W01,,,7,975.0,1055.5,bottom_right,17,dark,17.11,185.18,132.18,0.0,,,
06-IMG_0984,W01,,,8,990.1,1060.8,bottom_right,16,bright,16.31,227.25,175.94,0.0,,,
06-IMG_0984,W01,,,9,874.5,1068.0,bottom_right,6,dark,15.61,190.67,140.67,0.0,,,
06-IMG_0984,W01,,,10,1011.7,1075.9,bottom_right,12,dark,16.29,193.08,141.67,0.0,,,
06-IMG_0984,W01,,,11,958.9,1088.9,bottom_right,8,dark,17.79,187.5,134.5,0.0,,,
06-IMG_0984,W01,,,12,986.1,1089.1,bottom_right,27,dark,17.25,191.89,140.48,0.0,,,
06-IMG_0984,W01,,,13,947.9,1094.4,bottom_right,7,bright,16.87,225.57,173.43,1.86,,,
06-IMG_0984,W01,,,14,942.8,1122.3,bottom_right,6,dark,15.21,190.33,140.33,0.0,,,
06-IMG_0984,W01,,,15,842.6,1134.4,bottom_left,38,dark,16.8,195.11,147.13,0.0,,,
06-IMG_0984,W02,,,1,2092.2,948.2,top_left,6,bright,18.37,219.0,167.0,20.67,,,
06-IMG_0984,W02,,,2,2122.7,954.4,top_left,7,dark,16.45,179.57,125.57,0.0,,,
06-IMG_0984,W02,,,3,2138.5,1023.0,bottom_left,6,bright,18.29,225.67,173.67,0.0,,,
06-IMG_0984,W02,,,4,2211.0,1040.0,bottom_right,9,bright,16.63,220.67,167.67,0.11,,,
06-IMG_0984,W02,,,5,2226.5,1102.0,bottom_right,6,bright,15.98,218.67,165.67,0.0,,,
06-IMG_0984,W02,,,6,2362.2,1130.2,bottom_right,14,bright,26.8,235.79,183.79,15.21,,,
06-IMG_0984,W02,,,7,2263.8,1135.8,bottom_right,4,bright,15.14,218.0,165.0,0.0,,,
06-IMG_0984,W02,,,8,2205.0,1136.7,bottom_right,10,bright,16.32,217.0,163.2,3.5,,,
06-IMG_0984,W02,,,9,2194.3,1148.7,bottom_right,9,dark,15.47,178.78,124.78,0.0,,,
06-IMG_0984,W02,,,10,2162.8,1156.8,bottom_right,4,bright,15.51,225.25,175.25,0.0,,,
06-IMG_0984,W02,,,11,2188.7,1165.9,bottom_right,9,dark,16.48,183.67,127.56,0.0,,,
06-IMG_0984,W02,,,12,2178.0,1174.5,bottom_right,6,bright,16.76,225.17,173.17,0.0,,,
06-IMG_0984,W02,,,13,2227.2,1180.5,bottom_right,61,dark,17.66,181.18,124.98,0.0,,,
06-IMG_0984,W02,,,14,2276.4,1219.0,bottom_right,8,bright,17.02,225.0,173.0,0.0,,,
06-IMG_0984,W02,,,15,2119.7,1224.5,bottom_left,6,dark,15.71,197.17,147.67,0.0,,,
06-IMG_0984,W03,,,1,793.7,1854.4,top_left,7,bright,16.02,223.14,178.14,0.0,,,
06-IMG_0984,W03,,,2,736.9,1883.9,top_left,14,bright,16.77,221.86,177.86,0.0,,,
06-IMG_0984,W03,,,3,679.4,1928.6,top_left,89,bright,20.56,228.73,185.2,0.0,,,
06-IMG_0984,W03,,,4,655.1,1942.4,top_left,16,bright,15.89,220.62,172.5,0.0,,,
06-IMG_0984,W03,,,5,649.0,1965.1,top_left,35,bright,19.82,223.69,177.89,1.34,,,
06-IMG_0984,W03,,,6,953.1,2005.8,top_right,44,bright,17.17,211.41,161.98,0.0,,,
06-IMG_0984,W03,,,7,950.0,2016.6,top_right,39,dark,17.24,168.56,116.49,0.0,,,
06-IMG_0984,W03,,,8,608.6,2018.2,top_left,5,bright,14.58,216.0,167.0,0.0,,,
06-IMG_0984,W03,,,9,972.7,2019.0,top_right,31,dark,17.07,171.84,125.65,0.0,,,
06-IMG_0984,W03,,,10,981.4,2022.5,top_right,17,dark,16.46,173.76,127.71,0.0,,,
06-IMG_0984,W03,,,11,960.3,2027.5,top_right,11,bright,14.83,206.73,160.73,0.0,,,
06-IMG_0984,W03,,,12,1047.5,2030.0,top_right,6,dark,14.91,174.67,127.67,0.0,,,
06-IMG_0984,W03,,,13,969.4,2030.8,top_right,25,bright,16.57,211.36,165.56,0.0,,,
06-IMG_0984,W03,,,14,916.4,2037.9,top_right,11,bright,17.83,212.0,166.18,0.0,,,
06-IMG_0984,W03,,,15,950.5,2054.5,top_right,4,bright,15.79,211.0,165.0,0.0,,,
06-IMG_0984,W03,,,16,907.7,2055.1,top_right,99,bright,24.36,227.37,181.49,1.81,,,
06-IMG_0984,W03,,,17,945.5,2059.0,top_right,64,bright,17.4,213.83,168.61,0.36,,,
06-IMG_0984,W03,,,18,916.0,2060.8,top_right,41,dark,16.53,175.1,130.12,0.0,,,
06-IMG_0984,W03,,,19,1022.0,2165.4,bottom_right,30,bright,16.28,218.67,175.67,0.0,,,
06-IMG_0984,W03,,,20,622.1,2180.0,bottom_left,19,bright,18.07,217.16,173.16,0.05,,,
06-IMG_0984,W03,,,21,1021.6,2222.0,bottom_right,26,bright,16.31,216.5,173.65,0.0,,,
06-IMG_0984,W03,,,22,935.0,2020.4,top_right,709,dark_patch,19.55,180.89,129.52,0.0,,,
06-IMG_0984,W03,,,23,860.3,2087.0,top_right,573,dark_patch,18.88,180.99,133.99,0.0,,,
06-IMG_0984,W04,,,1,2188.5,1972.5,top_right,4,bright,15.55,206.25,160.25,0.0,,,
06-IMG_0984,W04,,,2,2226.2,1988.8,top_right,11,bright,16.76,211.09,166.09,0.64,,,
06-IMG_0984,W04,,,3,1958.6,1996.2,top_left,5,dark,15.83,193.2,149.2,0.0,,,
06-IMG_0984,W04,,,4,2173.8,2010.0,top_left,20,dark,18.69,168.65,121.65,0.0,,,
06-IMG_0984,W04,,,5,2245.8,2027.1,top_right,8,dark,15.38,171.5,124.5,0.0,,,
06-IMG_0984,W04,,,6,2181.2,2098.1,top_right,13,dark,15.85,167.23,119.46,0.0,,,
06-IMG_0984,W04,,,7,2241.2,2107.4,top_right,16,bright,17.85,211.62,165.62,0.12,,,
06-IMG_0984,W04,,,8,2211.4,2213.9,bottom_right,7,bright,15.56,212.14,168.14,0.0,,,
06-IMG_0984,W04,,,9,2195.0,2230.8,bottom_right,4,bright,15.93,213.0,169.0,0.0,,,
06-IMG_0984,W04,,,10,2149.2,2277.7,bottom_left,30,bright,17.38,215.3,171.3,0.0,,,
06-IMG_0984,W04,,,11,2169.7,2118.2,top_left,945,dark_patch,19.16,179.95,131.05,0.0,,,
07-IMG_0983,W01,,,1,832.8,819.7,top_left,13,bright,11.85,230.23,155.23,0.0,,,
07-IMG_0983,W01,,,2,854.4,823.7,top_right,90,bright,12.56,233.61,159.78,0.0,,,
07-IMG_0983,W01,,,3,835.0,831.9,top_left,75,bright,15.75,241.33,167.05,0.0,,,
07-IMG_0983,W01,,,4,921.1,835.3,top_right,70,bright,13.71,237.17,161.24,0.0,,,
07-IMG_0983,W01,,,5,781.6,836.6,top_left,8,bright,10.8,229.38,154.38,0.0,,,
07-IMG_0983,W01,,,6,894.2,836.8,top_right,4,dark,10.64,205.5,133.5,0.0,,,
07-IMG_0983,W01,,,7,911.0,840.6,top_right,9,bright,10.89,235.33,161.0,0.0,,,
07-IMG_0983,W01,,,8,738.7,841.5,top_left,6,dark,11.02,201.17,121.17,0.0,,,
07-IMG_0983,W01,,,9,904.4,844.8,top_right,46,bright,11.28,235.35,159.8,0.0,,,
07-IMG_0983,W01,,,10,723.6,853.3,top_left,56,bright,14.47,232.79,156.77,0.0,,,
07-IMG_0983,W01,,,11,838.7,854.2,top_left,6,dark,10.46,205.0,126.0,0.0,,,
07-IMG_0983,W01,,,12,771.2,854.6,top_left,5,bright,10.73,233.4,157.4,0.0,,,
07-IMG_0983,W01,,,13,994.1,869.8,top_right,20,bright,11.16,230.4,154.8,0.0,,,
07-IMG_0983,W01,,,14,730.2,903.0,top_left,45,bright,11.05,234.58,158.67,0.0,,,
07-IMG_0983,W01,,,15,926.9,905.6,top_right,73,bright,14.41,227.88,152.67,0.0,,,
07-IMG_0983,W01,,,16,857.7,918.1,top_right,9,bright,11.31,225.67,142.67,0.0,,,
07-IMG_0983,W01,,,17,719.7,938.7,top_left,17,bright,11.44,230.47,154.88,0.0,,,
07-IMG_0983,W01,,,18,697.4,976.5,top_left,20,bright,11.71,235.65,159.65,0.0,,,
07-IMG_0983,W01,,,19,680.7,983.1,top_left,7,bright,10.86,235.86,161.86,0.0,,,
07-IMG_0983,W01,,,20,756.5,984.5,top_left,4,bright,11.5,228.5,151.5,0.0,,,
07-IMG_0983,W01,,,21,761.7,986.2,top_left,53,bright,12.6,230.64,153.64,0.0,,,
07-IMG_0983,W01,,,22,699.5,986.5,top_left,8,bright,12.74,234.0,158.0,0.0,,,
07-IMG_0983,W01,,,23,1035.4,1030.3,top_right,9,bright,10.88,235.0,159.0,0.0,,,
07-IMG_0983,W01,,,24,1058.4,1036.0,top_right,12,bright,11.3,240.83,162.33,0.0,,,
07-IMG_0983,W01,,,25,761.4,1059.1,top_left,11,bright,11.33,235.45,159.45,0.0,,,
07-IMG_0983,W01,,,26,732.8,1088.5,bottom_left,39,bright,12.29,235.0,160.0,0.0,,,
07-IMG_0983,W01,,,27,753.4,1106.0,bottom_left,16,bright,11.28,237.12,162.12,0.0,,,
07-IMG_0983,W01,,,28,908.7,1117.9,bottom_right,15,bright,11.6,241.2,163.2,0.0,,,
07-IMG_0983,W01,,,29,780.1,1129.4,bottom_left,52,bright,15.3,241.33,165.96,0.0,,,
07-IMG_0983,W01,,,30,756.5,1131.4,bottom_left,14,bright,11.12,236.43,161.43,0.0,,,
07-IMG_0983,W01,,,31,810.4,1136.1,bottom_left,14,bright,11.6,240.14,162.14,0.0,,,
07-IMG_0983,W01,,,32,969.2,1234.8,bottom_right,5,bright,12.16,246.4,171.6,0.0,,,
07-IMG_0983,W01,,,33,974.2,1235.4,bottom_right,5,bright,13.34,247.2,173.6,0.0,,,
07-IMG_0983,W01,,,34,971.0,1240.5,bottom_right,14,bright,13.7,246.21,174.64,0.0,,,
07-IMG_0983,W02,,,1,2165.1,874.1,top_right,15,bright,10.89,227.93,152.93,0.0,,,
07-IMG_0983,W02,,,2,2189.5,877.9,top_right,13,bright,10.05,228.46,154.0,0.0,,,
07-IMG_0983,W02,,,3,2142.7,879.6,top_left,56,bright,11.37,233.59,158.25,0.0,,,
07-IMG_0983,W02,,,4,2199.5,879.8,top_right,38,bright,11.38,232.05,157.05,0.0,,,
07-IMG_0983,W02,,,5,2223.9,891.3,top_right,65,bright,13.62,234.4,158.78,0.0,,,
07-IMG_0983,W02,,,6,2058.2,894.6,top_left,5,bright,10.32,230.8,154.8,0.0,,,
07-IMG_0983,W02,,,7,2240.5,898.5,top_right,4,dark,10.58,205.25,126.5,0.0,,,
07-IMG_0983,W02,,,8,2051.0,909.5,top_left,4,dark,10.48,210.25,132.25,0.0,,,
07-IMG_0983,W02,,,9,2062.7,909.6,top_left,23,bright,11.3,233.48,156.48,0.0,,,
07-IMG_0983,W02,,,10,2231.0,914.7,top_right,24,bright,11.24,230.83,155.83,0.0,,,
07-IMG_0983,W02,,,11,2000.9,915.4,top_left,7,bright,10.59,227.71,152.71,0.0,,,
07-IMG_0983,W02,,,12,2205.7,920.1,top_right,7,bright,10.5,227.57,153.29,0.0,,,
07-IMG_0983,W02,,,13,2130.8,925.4,top_left,39,bright,11.01,232.38,156.1,0.0,,,
07-IMG_0983,W02,,,14,2051.8,937.0,top_left,4,bright,9.93,229.0,152.0,0.0,,,
07-IMG_0983,W02,,,15,2018.8,938.5,top_left,4,dark,10.1,208.25,133.25,0.0,,,
07-IMG_0983,W02,,,16,2121.2,944.1,top_left,13,bright,10.36,231.23,153.31,0.0,,,
07-IMG_0983,W02,,,17,2002.6,944.4,top_left,139,bright,14.69,239.34,167.01,0.0,,,
07-IMG_0983,W02,,,18,2200.2,953.1,top_right,50,bright,11.96,228.6,151.66,0.0,,,
07-IMG_0983,W02,,,19,2001.0,958.3,top_left,6,dark,10.31,209.17,135.83,0.0,,,
07-IMG_0983,W02,,,20,1953.7,973.6,top_left,38,bright,11.35,230.29,158.37,0.0,,,
07-IMG_0983,W02,,,21,2344.0,982.8,top_right,4,bright,10.1,224.0,149.0,0.0,,,
07-IMG_0983,W02,,,22,1950.8,1008.4,top_left,5,bright,9.91,236.0,161.0,0.0,,,
07-IMG_0983,W02,,,23,1926.5,1012.8,top_left,79,bright,14.36,241.86,165.8,0.0,,,
07-IMG_0983,W02,,,24,1935.3,1014.5,top_left,11,bright,11.32,239.36,164.36,0.0,,,
07-IMG_0983,W02,,,25,1978.2,1019.0,top_left,4,bright,10.55,239.5,163.5,0.0,,,
07-IMG_0983,W02,,,26,1948.0,1022.9,top_left,21,dark,11.49,211.52,134.95,0.0,,,
07-IMG_0983,W02,,,27,1985.7,1023.1,top_left,27,bright,10.91,239.52,163.07,0.0,,,
07-IMG_0983,W02,,,28,2341.6,1024.5,top_right,16,bright,10.34,230.5,155.19,0.0,,,
07-IMG_0983,W02,,,29,1971.5,1042.5,top_left,8,bright,10.63,239.5,164.5,0.0,,,
07-IMG_0983,W02,,,30,2364.9,1042.6,top_right,16,bright,11.38,223.38,147.38,0.0,,,
07-IMG_0983,W02,,,31,2084.3,1046.5,top_left,20,bright,11.08,242.35,166.65,0.0,,,
07-IMG_0983,W02,,,32,1975.2,1047.8,top_left,14,bright,10.38,239.21,163.93,0.0,,,
07-IMG_0983,W02,,,33,1924.0,1059.3,top_left,7,bright,10.6,237.43,163.43,0.0,,,
07-IMG_0983,W02,,,34,1919.0,1071.7,top_left,13,dark,11.06,214.46,140.46,0.0,,,
07-IMG_0983,W02,,,35,2171.4,1083.1,top_right,17,bright,10.75,239.35,164.35,0.0,,,
07-IMG_0983,W02,,,36,1904.6,1088.8,top_left,8,bright,11.59,243.12,168.12,0.0,,,
07-IMG_0983,W02,,,37,1970.2,1096.8,top_left,4,dark,10.05,212.75,136.75,0.0,,,
07-IMG_0983,W02,,,38,2199.8,1119.4,bottom_right,13,bright,10.61,241.0,166.0,0.0,,,
07-IMG_0983,W02,,,39,2343.3,1129.9,bottom_right,16,dark,11.03,203.88,127.88,0.0,,,
07-IMG_0983,W02,,,40,1983.6,1133.6,bottom_left,19,bright,10.05,241.42,166.42,0.0,,,
07-IMG_0983,W02,,,41,2333.5,1145.5,bottom_right,4,bright,9.95,230.0,155.0,0.0,,,
07-IMG_0983,W02,,,42,2383.5,1148.0,bottom_right,6,bright,10.08,229.17,154.17,0.0,,,
07-IMG_0983,W02,,,43,1913.4,1148.6,bottom_left,16,bright,11.52,245.62,170.62,0.0,,,
07-IMG_0983,W02,,,44,2372.2,1150.5,bottom_right,14,bright,10.48,232.5,157.5,0.0,,,
07-IMG_0983,W02,,,45,1928.6,1194.6,bottom_left,8,bright,10.56,246.25,172.25,0.0,,,
07-IMG_0983,W02,,,46,2325.6,1217.2,bottom_right,5,bright,10.34,234.8,158.8,0.0,,,
07-IMG_0983,W02,,,47,2357.3,1224.4,bottom_right,31,bright,17.34,241.1,170.26,0.0,,,
07-IMG_0983,W02,,,48,1981.5,1271.7,bottom_left,11,bright,10.63,245.36,171.36,0.0,,,
07-IMG_0983,W02,,,49,2166.5,1284.2,bottom_right,11,bright,10.32,237.91,161.91,0.0,,,
07-IMG_0983,W02,,,50,2298.8,1291.9,bottom_right,20,bright,11.15,230.95,155.95,0.0,,,
07-IMG_0983,W02,,,51,2270.6,1311.0,bottom_right,45,bright,13.46,238.27,162.87,0.0,,,
07-IMG_0983,W02,,,52,2046.0,1323.8,bottom_left,13,bright,10.7,242.62,168.92,0.0,,,
07-IMG_0983,W03,,,1,870.5,1956.5,top_right,4,bright,13.7,242.0,169.0,0.0,,,
07-IMG_0983,W03,,,2,934.9,1986.6,top_right,17,bright,14.95,237.47,167.47,0.0,,,
07-IMG_0983,W03,,,3,745.0,2007.5,top_left,8,dark,13.76,205.12,133.88,0.0,,,
07-IMG_0983,W03,,,4,826.5,2010.1,top_left,30,bright,13.92,233.9,165.67,0.0,,,
07-IMG_0983,W03,,,5,667.3,2033.8,top_left,43,bright,15.49,246.35,179.21,0.0,,,
07-IMG_0983,W03,,,6,983.1,2049.5,top_right,15,bright,13.87,234.47,165.27,0.0,,,
07-IMG_0983,W03,,,7,979.3,2124.9,top_right,9,bright,13.65,229.22,157.22,0.0,,,
07-IMG_0983,W03,,,8,969.5,2151.0,top_right,4,bright,13.81,233.0,165.0,0.0,,,
07-IMG_0983,W03,,,9,904.2,2166.0,top_right,43,bright,16.46,245.4,179.35,0.0,,,
07-IMG_0983,W03,,,10,643.2,2194.6,top_left,12,bright,13.95,235.83,169.83,0.0,,,
07-IMG_0983,W03,,,11,988.7,2243.6,bottom_right,7,bright,13.76,223.29,154.29,0.0,,,
07-IMG_0983,W03,,,12,1022.5,2273.9,bottom_right,47,bright,17.72,238.09,169.19,0.0,,,
07-IMG_0983,W03,,,13,620.5,2291.3,bottom_left,67,bright,19.45,240.27,175.18,0.0,,,
07-IMG_0983,W03,,,14,1019.9,2331.6,bottom_right,45,bright,16.57,244.82,182.84,0.0,,,
07-IMG_0983,W03,,,15,860.9,2429.1,bottom_right,15,bright,14.98,235.87,168.87,0.0,,,
07-IMG_0983,W04,,,1,2153.0,1998.5,top_left,10,bright,13.09,236.2,164.2,0.0,,,
07-IMG_0983,W04,,,2,2106.7,1998.8,top_left,11,bright,12.77,232.82,162.55,0.0,,,
07-IMG_0983,W04,,,3,2247.3,2003.2,top_right,16,bright,14.72,236.0,166.0,0.0,,,
07-IMG_0983,W04,,,4,2136.8,2004.6,top_left,5,dark,12.83,200.6,128.6,0.0,,,
07-IMG_0983,W04,,,5,2034.0,2013.8,top_left,4,bright,12.36,232.25,160.0,0.0,,,
07-IMG_0983,W04,,,6,2255.3,2023.3,top_right,26,bright,13.43,237.12,167.65,0.0,,,
07-IMG_0983,W04,,,7,2356.0,2054.1,top_right,16,bright,12.85,229.88,157.88,0.0,,,
07-IMG_0983,W04,,,8,2312.4,2055.6,top_right,116,bright,15.62,237.62,170.88,0.0,,,
07-IMG_0983,W04,,,9,1992.8,2056.5,top_left,13,bright,13.59,236.54,166.54,0.0,,,
07-IMG_0983,W04,,,10,2003.7,2057.0,top_left,22,bright,13.54,237.68,167.68,0.0,,,
07-IMG_0983,W04,,,11,2326.5,2057.0,top_right,42,dark,13.42,203.6,131.64,0.0,,,
07-IMG_0983,W04,,,12,1986.3,2083.1,top_left,11,bright,12.86,244.0,175.0,0.0,,,
07-IMG_0983,W04,,,13,2374.2,2089.0,top_right,34,bright,14.04,232.59,162.71,0.0,,,
07-IMG_0983,W04,,,14,2109.2,2103.8,top_left,4,bright,13.87,230.0,158.0,0.0,,,
07-IMG_0983,W04,,,15,2384.7,2110.9,top_right,19,bright,13.64,234.11,162.53,0.0,,,
07-IMG_0983,W04,,,16,2340.2,2111.6,top_right,25,bright,14.11,229.48,159.76,0.0,,,
07-IMG_0983,W04,,,17,2364.9,2114.4,top_right,12,bright,13.55,228.33,159.33,0.0,,,
07-IMG_0983,W04,,,18,2346.5,2115.5,top_right,4,dark,12.99,195.0,124.0,0.0,,,
07-IMG_0983,W04,,,19,2326.3,2115.6,top_right,74,bright,13.67,231.12,160.77,0.0,,,
07-IMG_0983,W04,,,20,2351.9,2118.4,top_right,11,dark,12.68,194.18,122.27,0.0,,,
07-IMG_0983,W04,,,21,1955.1,2127.1,top_left,16,bright,13.5,247.88,179.62,0.0,,,
07-IMG_0983,W04,,,22,1938.7,2167.0,top_left,7,bright,13.15,245.43,177.43,0.0,,,
07-IMG_0983,W04,,,23,1933.2,2169.0,top_left,10,bright,12.9,244.4,176.4,0.0,,,
07-IMG_0983,W04,,,24,1960.5,2169.0,top_left,37,dark,12.92,215.05,145.05,0.0,,,
07-IMG_0983,W04,,,25,1938.5,2193.0,top_left,10,bright,12.52,246.2,177.2,0.0,,,
07-IMG_0983,W04,,,26,2034.2,2204.6,top_left,9,bright,12.62,234.56,164.56,0.0,,,
07-IMG_0983,W04,,,27,2354.8,2217.9,bottom_right,13,dark,12.67,193.0,121.23,0.0,,,
07-IMG_0983,W04,,,28,2363.0,2274.6,bottom_right,5,dark,12.13,190.2,118.0,0.0,,,
07-IMG_0983,W04,,,29,2338.7,2291.1,bottom_right,7,bright,12.64,225.0,156.0,0.0,,,
07-IMG_0983,W04,,,30,2343.7,2294.1,bottom_right,7,bright,12.54,224.71,155.71,0.0,,,
07-IMG_0983,W04,,,31,2235.2,2352.8,bottom_right,13,bright,13.28,217.69,148.69,0.0,,,
07-IMG_0983,W04,,,32,2137.8,2378.4,bottom_left,8,bright,12.99,225.0,159.12,0.0,,,
07-IMG_0983,W04,,,33,2082.2,2386.2,bottom_left,4,bright,12.84,222.0,156.0,0.0,,,
07-IMG_0983,W04,,,34,2144.6,2386.4,bottom_left,99,bright,18.1,231.74,166.83,0.0,,,
08-IMG_0982,W03,,,1,821.7,1997.5,top_left,14,dark,23.84,202.14,111.14,0.0,,,
08-IMG_0982,W03,,,2,899.5,2088.0,top_right,8,dark,23.09,208.62,119.62,0.0,,,
08-IMG_0982,W03,,,3,610.4,2243.8,bottom_left,5,dark,22.86,211.8,124.2,0.0,,,
09-IMG_0980,W01,,,1,847.0,472.3,top_right,7,bright,18.58,212.14,161.14,7.29,,,
09-IMG_0980,W01,,,2,646.8,490.4,top_left,5,bright,17.06,215.2,164.2,0.0,,,
09-IMG_0980,W01,,,3,691.1,538.0,top_left,39,bright,21.46,231.28,184.59,0.64,,,
09-IMG_0980,W01,,,4,861.1,540.9,top_right,28,bright,25.36,238.39,192.25,7.36,,,
09-IMG_0980,W01,,,5,697.7,555.8,top_left,10,bright,17.02,229.5,183.5,0.0,,,
09-IMG_0980,W01,,,6,966.5,574.4,top_right,15,bright,20.52,222.0,170.53,15.73,,,
09-IMG_0980,W01,,,7,890.4,652.8,top_right,5,bright,17.42,226.0,179.0,0.0,,,
09-IMG_0980,W01,,,8,661.8,670.4,top_left,50,bright,22.67,238.7,192.7,2.94,,,
09-IMG_0980,W01,,,9,720.2,771.2,bottom_left,33,bright,25.69,240.55,191.55,6.55,,,
09-IMG_0980,W01,,,10,915.6,878.0,bottom_right,26,bright,22.69,242.85,195.54,0.0,,,
09-IMG_0980,W01,,,11,732.7,936.8,bottom_left,12,bright,17.62,228.17,179.33,6.33,,,
09-IMG_0980,W02,,,1,2179.1,482.6,top_right,27,bright,21.07,213.0,161.0,31.41,,,
09-IMG_0980,W02,,,2,2113.2,487.2,top_right,4,bright,14.91,213.0,163.0,0.0,,,
09-IMG_0980,W02,,,3,2021.9,502.8,top_left,14,bright,16.9,215.5,165.0,9.71,,,
09-IMG_0980,W02,,,4,2150.5,505.0,top_right,6,bright,14.35,213.33,164.33,0.0,,,
09-IMG_0980,W02,,,5,2229.8,508.9,top_right,8,bright,16.24,208.12,157.12,3.25,,,
09-IMG_0980,W02,,,6,1978.7,509.6,top_left,10,bright,16.44,205.9,157.8,21.2,,,
09-IMG_0980,W02,,,7,2098.1,515.8,top_left,10,dark,14.96,182.3,133.3,0.0,,,
09-IMG_0980,W02,,,8,2065.7,516.9,top_left,17,bright,15.48,218.82,171.82,0.0,,,
09-IMG_0980,W02,,,9,2173.9,517.0,top_right,44,bright,18.02,218.41,173.75,0.0,,,
09-IMG_0980,W02,,,10,2002.8,519.2,top_left,6,dark,14.54,182.67,132.67,0.0,,,
09-IMG_0980,W02,,,11,1917.4,558.4,top_left,7,dark,14.6,180.0,127.0,0.0,,,
09-IMG_0980,W02,,,12,2248.2,561.8,top_right,13,bright,18.56,221.85,172.46,15.85,,,
09-IMG_0980,W02,,,13,2268.0,571.7,top_right,7,dark,15.62,182.43,131.43,0.0,,,
09-IMG_0980,W02,,,14,1977.4,572.6,top_left,25,bright,17.22,224.4,175.4,0.4,,,
09-IMG_0980,W02,,,15,1944.4,577.3,top_left,7,bright,16.79,222.29,173.29,0.0,,,
09-IMG_0980,W02,,,16,2255.5,580.5,top_right,4,bright,14.89,218.5,173.5,0.0,,,
09-IMG_0980,W02,,,17,2259.0,586.5,top_right,6,bright,14.45,218.33,173.33,0.0,,,
09-IMG_0980,W02,,,18,1959.3,591.1,top_left,13,bright,14.78,224.54,177.54,0.0,,,
09-IMG_0980,W02,,,19,2284.5,592.4,top_right,10,bright,15.82,217.7,170.8,0.0,,,
09-IMG_0980,W02,,,20,1980.7,600.8,top_left,10,bright,16.06,225.1,181.3,0.0,,,
09-IMG_0980,W02,,,21,2286.4,610.2,top_right,11,bright,15.03,218.55,173.09,0.27,,,
09-IMG_0980,W02,,,22,1980.8,612.7,top_left,12,dark,15.36,190.92,146.92,0.0,,,
09-IMG_0980,W02,,,23,2320.3,619.4,top_right,39,bright,17.5,213.21,166.21,21.49,,,
09-IMG_0980,W02,,,24,1895.0,621.5,top_left,4,bright,14.7,218.25,168.25,12.75,,,
09-IMG_0980,W02,,,25,2331.5,636.0,top_right,6,bright,15.76,210.83,158.83,22.0,,,
09-IMG_0980,W02,,,26,1885.8,643.2,top_left,9,bright,14.75,219.67,169.67,10.89,,,
09-IMG_0980,W02,,,27,1894.5,647.5,top_left,4,bright,15.06,221.75,170.75,28.25,,,
09-IMG_0980,W02,,,28,1877.1,670.5,top_left,22,bright,15.47,222.23,171.55,23.18,,,
09-IMG_0980,W02,,,29,1883.5,742.5,bottom_left,8,dark,14.9,191.38,145.38,0.0,,,
09-IMG_0980,W02,,,30,1873.9,743.5,bottom_left,69,bright,18.71,225.33,179.87,14.84,,,
09-IMG_0980,W02,,,31,1885.5,754.5,bottom_left,4,bright,14.9,225.75,180.75,1.0,,,
09-IMG_0980,W02,,,32,1876.9,763.9,bottom_left,8,dark,14.92,189.0,143.0,0.0,,,
09-IMG_0980,W02,,,33,1881.5,770.8,bottom_left,10,bright,15.86,226.1,178.1,0.0,,,
09-IMG_0980,W02,,,34,2331.4,780.8,bottom_right,5,bright,15.35,220.4,176.2,0.0,,,
09-IMG_0980,W02,,,35,2327.6,785.5,bottom_right,14,bright,15.5,221.43,177.43,0.0,,,
09-IMG_0980,W02,,,36,2325.8,797.3,bottom_right,11,dark,14.59,186.91,142.64,0.0,,,
09-IMG_0980,W02,,,37,2329.1,821.8,bottom_right,13,bright,21.64,227.15,182.46,0.77,,,
09-IMG_0980,W02,,,38,2313.2,831.8,bottom_right,4,bright,14.61,221.0,176.5,0.0,,,
09-IMG_0980,W02,,,39,1944.8,834.4,bottom_left,5,bright,16.07,229.0,184.0,10.8,,,
09-IMG_0980,W02,,,40,1951.5,849.5,bottom_left,4,dark,14.3,196.5,151.0,0.0,,,
09-IMG_0980,W02,,,41,2285.7,869.4,bottom_right,7,bright,14.73,223.86,179.86,0.0,,,
09-IMG_0980,W02,,,42,2227.5,924.5,bottom_right,4,bright,14.24,225.25,181.25,0.0,,,
09-IMG_0980,W02,,,43,2139.2,928.8,bottom_right,6,dark,15.17,197.33,154.33,0.0,,,
09-IMG_0980,W03,,,1,850.2,1629.0,top_right,4,dark,16.86,175.5,124.5,0.0,,,
09-IMG_0980,W03,,,2,877.3,1632.2,top_right,6,dark,16.89,177.17,127.17,0.0,,,
09-IMG_0980,W03,,,3,955.8,1650.9,top_right,17,dark,19.37,168.35,120.53,0.0,,,
09-IMG_0980,W03,,,4,804.4,1669.8,top_left,40,bright,23.46,234.95,191.53,2.52,,,
09-IMG_0980,W03,,,5,980.0,1679.8,top_right,4,bright,17.01,219.25,174.75,4.75,,,
09-IMG_0980,W03,,,6,1025.5,1731.2,top_right,83,bright,22.65,226.71,183.59,9.52,,,
09-IMG_0980,W03,,,7,890.3,1809.5,top_right,10,bright,26.78,237.2,203.2,10.1,,,
09-IMG_0980,W03,,,8,889.1,1817.7,top_right,23,bright,28.4,241.48,204.78,16.48,,,
09-IMG_0980,W03,,,9,593.5,1906.5,bottom_left,4,bright,16.78,212.5,168.5,0.0,,,
09-IMG_0980,W03,,,10,1012.2,1921.3,bottom_right,35,bright,19.19,220.74,183.43,0.0,,,
09-IMG_0980,W03,,,11,583.3,1936.4,bottom_left,12,bright,18.79,213.92,169.92,0.0,,,
09-IMG_0980,W03,,,12,607.2,1949.9,bottom_left,54,bright,24.53,224.57,180.87,14.11,,,
09-IMG_0980,W03,,,13,1015.6,1983.5,bottom_right,73,bright,21.55,223.26,186.62,0.0,,,
09-IMG_0980,W03,,,14,909.4,2088.5,bottom_right,25,bright,21.5,217.08,179.16,0.0,,,
09-IMG_0980,W03,,,15,920.5,2089.0,bottom_right,10,dark,18.16,169.8,131.3,0.0,,,
09-IMG_0980,W03,,,16,910.9,2095.2,bottom_right,10,bright,17.17,209.7,172.2,0.0,,,
09-IMG_0980,W04,,,1,2248.0,1596.4,top_right,8,dark,17.6,172.38,126.25,0.0,,,
09-IMG_0980,W04,,,2,2014.2,1637.4,top_left,18,bright,19.39,223.0,176.67,13.44,,,
09-IMG_0980,W04,,,3,1968.1,1691.6,top_left,10,bright,18.27,225.0,180.1,2.1,,,
09-IMG_0980,W04,,,4,2001.5,1712.0,top_left,6,dark,17.83,191.5,148.5,0.0,,,
09-IMG_0980,W04,,,5,2187.0,1742.8,top_right,5,bright,16.2,219.8,176.8,0.0,,,
09-IMG_0980,W04,,,6,2119.6,1749.8,top_left,5,dark,16.16,186.4,143.4,0.0,,,
09-IMG_0980,W04,,,7,1934.6,1783.4,top_left,8,bright,20.7,220.88,180.12,5.25,,,
09-IMG_0980,W04,,,8,2265.0,1953.0,bottom_right,7,bright,17.38,209.0,167.0,0.0,,,
09-IMG_0980,W04,,,9,2281.6,1964.8,bottom_right,5,bright,17.1,208.2,163.2,0.0,,,
09-IMG_0980,W04,,,10,2192.5,2020.0,bottom_right,60,bright,31.04,226.7,183.38,12.47,,,
09-IMG_0980,W04,,,11,2254.2,2053.8,bottom_right,5,bright,18.39,204.2,161.2,7.6,,,
09-IMG_0980,W04,,,12,2225.6,2060.3,bottom_right,9,bright,17.49,203.11,160.11,4.33,,,
10-IMG_0979,W01,,,1,888.4,1192.2,bottom_right,5,bright,10.19,230.0,113.0,0.0,,,
10-IMG_0979,W01,,,2,794.9,1323.8,bottom_left,19,dark,12.01,211.47,95.47,0.0,,,
10-IMG_0979,W02,,,1,2062.5,1208.5,bottom_right,4,dark,9.03,215.0,99.0,0.0,,,
10-IMG_0979,W02,,,2,1961.4,1314.2,bottom_left,17,dark,9.44,209.88,92.88,0.0,,,
10-IMG_0979,W02,,,3,2031.4,1321.2,bottom_right,5,dark,9.06,213.8,97.8,0.0,,,
10-IMG_0979,W02,,,4,1884.6,1348.8,bottom_left,5,bright,9.41,220.0,103.0,12.4,,,
10-IMG_0979,W02,,,5,1944.7,1360.9,bottom_left,10,bright,10.4,221.2,104.2,18.9,,,
10-IMG_0979,W02,,,6,1985.2,1370.8,bottom_right,13,bright,9.84,228.31,109.46,6.85,,,
10-IMG_0979,W02,,,7,1955.8,1371.8,bottom_left,9,bright,9.49,219.78,102.78,16.56,,,
10-IMG_0979,W03,,,1,952.0,2072.5,top_right,4,dark,11.98,192.0,90.0,0.0,,,
10-IMG_0979,W03,,,2,953.5,2074.0,top_right,4,bright,28.07,235.0,132.0,24.75,,,
10-IMG_0979,W03,,,3,950.5,2082.5,top_right,13,bright,27.06,233.77,129.54,25.15,,,
10-IMG_0979,W03,,,4,694.3,2173.4,bottom_left,21,dark,10.58,206.38,97.38,0.0,,,
10-IMG_0979,W03,,,5,880.6,2328.2,bottom_left,5,dark,10.41,197.8,93.8,0.0,,,
10-IMG_0979,W04,,,1,2018.0,1892.2,top_right,4,bright,10.66,241.75,129.75,0.0,,,
10-IMG_0979,W04,,,2,1919.3,2005.5,top_left,6,bright,10.58,228.5,119.5,0.17,,,
10-IMG_0979,W04,,,3,2126.3,2035.7,top_right,6,dark,11.28,196.5,84.5,0.0,,,
10-IMG_0979,W04,,,4,2073.5,2217.5,bottom_right,4,bright,11.43,209.5,100.5,5.25,,,
10-IMG_0979,W04,,,5,2139.6,2226.0,bottom_right,9,dark,11.71,194.78,83.33,0.0,,,
10-IMG_0979,W04,,,6,2063.5,2296.5,bottom_right,6,dark,10.47,194.83,89.33,0.0,,,
