image_id,well_id,sample_id,dilution,region,candidates
01-IMG_0989,W01,,,top_left,10
01-IMG_0989,W01,,,top_right,20
01-IMG_0989,W01,,,bottom_left,4
01-IMG_0989,W01,,,bottom_right,27
01-IMG_0989,W02,,,top_left,1
01-IMG_0989,W02,,,top_right,2
01-IMG_0989,W02,,,bottom_left,3
01-IMG_0989,W02,,,bottom_right,7
01-IMG_0989,W03,,,top_left,27
01-IMG_0989,W03,,,top_right,34
01-IMG_0989,W03,,,bottom_left,10
01-IMG_0989,W03,,,bottom_right,9
01-IMG_0989,W04,,,top_left,12
01-IMG_0989,W04,,,top_right,11
01-IMG_0989,W04,,,bottom_left,3
01-IMG_0989,W04,,,bottom_right,9
02-IMG_0988,W01,,,top_left,5
02-IMG_0988,W01,,,top_right,8
02-IMG_0988,W01,,,bottom_left,4
02-IMG_0988,W01,,,bottom_right,8
02-IMG_0988,W02,,,top_left,2
02-IMG_0988,W02,,,top_right,2
02-IMG_0988,W02,,,bottom_left,9
02-IMG_0988,W02,,,bottom_right,15
02-IMG_0988,W03,,,top_left,9
02-IMG_0988,W03,,,top_right,19
02-IMG_0988,W03,,,bottom_left,2
02-IMG_0988,W03,,,bottom_right,12
02-IMG_0988,W04,,,top_left,6
02-IMG_0988,W04,,,top_right,8
02-IMG_0988,W04,,,bottom_left,4
02-IMG_0988,W04,,,bottom_right,4
03-IMG_0987,W01,,,top_left,2
03-IMG_0987,W01,,,top_right,10
03-IMG_0987,W01,,,bottom_left,3
03-IMG_0987,W01,,,bottom_right,6
03-IMG_0987,W02,,,top_left,1
03-IMG_0987,W02,,,top_right,2
03-IMG_0987,W02,,,bottom_left,3
03-IMG_0987,W02,,,bottom_right,4
03-IMG_0987,W03,,,top_left,8
03-IMG_0987,W03,,,top_right,15
03-IMG_0987,W03,,,bottom_left,1
03-IMG_0987,W03,,,bottom_right,2
03-IMG_0987,W04,,,top_left,7
03-IMG_0987,W04,,,top_right,6
03-IMG_0987,W04,,,bottom_left,5
03-IMG_0987,W04,,,bottom_right,2
04-IMG_0986,W01,,,top_left,11
04-IMG_0986,W01,,,top_right,14
04-IMG_0986,W01,,,bottom_left,5
04-IMG_0986,W01,,,bottom_right,28
04-IMG_0986,W02,,,top_left,5
04-IMG_0986,W02,,,top_right,7
04-IMG_0986,W02,,,bottom_left,2
04-IMG_0986,W02,,,bottom_right,23
04-IMG_0986,W03,,,top_left,4
04-IMG_0986,W03,,,top_right,26
04-IMG_0986,W03,,,bottom_left,1
04-IMG_0986,W03,,,bottom_right,7
04-IMG_0986,W04,,,top_left,11
04-IMG_0986,W04,,,top_right,9
04-IMG_0986,W04,,,bottom_left,9
04-IMG_0986,W04,,,bottom_right,4
05-IMG_0985,W01,,,top_left,2
05-IMG_0985,W01,,,top_right,6
05-IMG_0985,W01,,,bottom_left,2
05-IMG_0985,W01,,,bottom_right,6
05-IMG_0985,W02,,,top_left,3
05-IMG_0985,W02,,,top_right,4
05-IMG_0985,W02,,,bottom_left,0
05-IMG_0985,W02,,,bottom_right,11
05-IMG_0985,W03,,,top_left,10
05-IMG_0985,W03,,,top_right,15
05-IMG_0985,W03,,,bottom_left,3
05-IMG_0985,W03,,,bottom_right,4
05-IMG_0985,W04,,,top_left,3
05-IMG_0985,W04,,,top_right,6
05-IMG_0985,W04,,,bottom_left,3
05-IMG_0985,W04,,,bottom_right,2
06-IMG_0984,W01,,,top_left,0
06-IMG_0984,W01,,,top_right,3
06-IMG_0984,W01,,,bottom_left,2
06-IMG_0984,W01,,,bottom_right,10
06-IMG_0984,W02,,,top_left,2
06-IMG_0984,W02,,,top_right,0
06-IMG_0984,W02,,,bottom_left,2
06-IMG_0984,W02,,,bottom_right,11
06-IMG_0984,W03,,,top_left,6
06-IMG_0984,W03,,,top_right,14
06-IMG_0984,W03,,,bottom_left,1
06-IMG_0984,W03,,,bottom_right,2
06-IMG_0984,W04,,,top_left,3
06-IMG_0984,W04,,,top_right,5
06-IMG_0984,W04,,,bottom_left,1
06-IMG_0984,W04,,,bottom_right,2
07-IMG_0983,W01,,,top_left,15
07-IMG_0983,W01,,,top_right,10
07-IMG_0983,W01,,,bottom_left,5
07-IMG_0983,W01,,,bottom_right,4
07-IMG_0983,W02,,,top_left,25
07-IMG_0983,W02,,,top_right,12
07-IMG_0983,W02,,,bottom_left,5
07-IMG_0983,W02,,,bottom_right,10
07-IMG_0983,W03,,,top_left,4
07-IMG_0983,W03,,,top_right,6
07-IMG_0983,W03,,,bottom_left,1
07-IMG_0983,W03,,,bottom_right,4
07-IMG_0983,W04,,,top_left,14
07-IMG_0983,W04,,,top_right,12
07-IMG_0983,W04,,,bottom_left,3
07-IMG_0983,W04,,,bottom_right,5
08-IMG_0982,W01,,,top_left,0
08-IMG_0982,W01,,,top_right,0
08-IMG_0982,W01,,,bottom_left,0
08-IMG_0982,W01,,,bottom_right,0
08-IMG_0982,W02,,,top_left,0
08-IMG_0982,W02,,,top_right,0
08-IMG_0982,W02,,,bottom_left,0
08-IMG_0982,W02,,,bottom_right,0
08-IMG_0982,W03,,,top_left,1
08-IMG_0982,W03,,,top_right,1
08-IMG_0982,W03,,,bottom_left,1
08-IMG_0982,W03,,,bottom_right,0
08-IMG_0982,W04,,,top_left,0
08-IMG_0982,W04,,,top_right,0
08-IMG_0982,W04,,,bottom_left,0
08-IMG_0982,W04,,,bottom_right,0
09-IMG_0980,W01,,,top_left,4
09-IMG_0980,W01,,,top_right,4
09-IMG_0980,W01,,,bottom_left,2
09-IMG_0980,W01,,,bottom_right,1
09-IMG_0980,W02,,,top_left,15
09-IMG_0980,W02,,,top_right,13
09-IMG_0980,W02,,,bottom_left,7
09-IMG_0980,W02,,,bottom_right,8
09-IMG_0980,W03,,,top_left,1
09-IMG_0980,W03,,,top_right,7
09-IMG_0980,W03,,,bottom_left,3
09-IMG_0980,W03,,,bottom_right,5
09-IMG_0980,W04,,,top_left,5
09-IMG_0980,W04,,,top_right,2
09-IMG_0980,W04,,,bottom_left,0
09-IMG_0980,W04,,,bottom_right,5
10-IMG_0979,W01,,,top_left,0
10-IMG_0979,W01,,,top_right,0
10-IMG_0979,W01,,,bottom_left,1
10-IMG_0979,W01,,,bottom_right,1
10-IMG_0979,W02,,,top_left,0
10-IMG_0979,W02,,,top_right,0
10-IMG_0979,W02,,,bottom_left,4
10-IMG_0979,W02,,,bottom_right,3
10-IMG_0979,W03,,,top_left,0
10-IMG_0979,W03,,,top_right,3
10-IMG_0979,W03,,,bottom_left,2
10-IMG_0979,W03,,,bottom_right,0
10-IMG_0979,W04,,,top_left,1
10-IMG_0979,W04,,,top_right,2
10-IMG_0979,W04,,,bottom_left,0
10-IMG_0979,W04,,,bottom_right,3
