image_id,well_id,sample_id,dilution,candidates,small_spots,dark_patches,status,R_median_0_255,G_median_0_255,B_median_0_255,R_iqr_0_255,G_iqr_0_255,B_iqr_0_255,rgb_pixel_count
01-IMG_0989,W01,,,61,60,1,needs_colony_review,180.0,137.0,0.0,7.0,9.0,0.0,188291
01-IMG_0989,W02,,,13,11,2,needs_colony_review,182.0,139.0,0.0,9.0,11.0,0.0,182218
01-IMG_0989,W03,,,80,80,0,needs_colony_review,161.0,123.0,0.0,8.0,8.0,0.0,192696
01-IMG_0989,W04,,,35,35,0,needs_colony_review,170.0,134.0,0.0,15.0,15.0,0.0,190287
02-IMG_0988,W01,,,25,23,2,needs_colony_review,199.0,149.0,0.0,6.0,8.0,0.0,187947
02-IMG_0988,W02,,,28,27,1,needs_colony_review,200.0,151.0,0.0,8.0,11.0,0.0,182359
02-IMG_0988,W03,,,42,42,0,needs_colony_review,182.0,137.0,0.0,8.0,7.0,0.0,195483
02-IMG_0988,W04,,,22,22,0,needs_colony_review,189.0,146.0,0.0,13.0,15.0,0.0,192111
03-IMG_0987,W01,,,21,20,1,needs_colony_review,200.0,150.0,0.0,7.0,8.0,0.0,186472
03-IMG_0987,W02,,,10,9,1,needs_colony_review,200.0,151.0,0.0,8.0,10.0,0.0,181322
03-IMG_0987,W03,,,26,26,0,needs_colony_review,182.0,137.0,0.0,9.0,7.0,0.0,194659
03-IMG_0987,W04,,,20,20,0,needs_colony_review,189.0,146.0,0.0,13.0,13.0,0.0,192114
04-IMG_0986,W01,,,58,58,0,needs_colony_review,192.0,148.0,0.0,11.0,14.0,0.0,191526
04-IMG_0986,W02,,,37,37,0,needs_colony_review,185.0,140.0,0.0,12.0,14.0,0.0,183084
04-IMG_0986,W03,,,38,36,2,needs_colony_review,175.0,139.0,0.0,10.0,9.0,0.0,198158
04-IMG_0986,W04,,,33,31,2,needs_colony_review,174.0,136.0,0.0,17.0,20.0,0.0,193189
05-IMG_0985,W01,,,16,16,0,needs_colony_review,212.0,162.0,0.0,10.0,10.0,0.0,192898
05-IMG_0985,W02,,,18,18,0,needs_colony_review,206.0,155.0,0.0,11.0,15.0,0.0,184260
05-IMG_0985,W03,,,32,30,2,needs_colony_review,198.0,155.0,0.0,10.0,10.0,0.0,199510
05-IMG_0985,W04,,,14,11,3,needs_colony_review,197.0,151.0,0.0,14.0,17.0,0.0,193741
06-IMG_0984,W01,,,15,15,0,needs_colony_review,212.0,162.0,0.0,9.0,11.0,0.0,191390
06-IMG_0984,W02,,,15,15,0,needs_colony_review,207.0,155.0,0.0,11.0,15.0,0.0,183588
06-IMG_0984,W03,,,23,21,2,needs_colony_review,198.0,154.0,0.0,9.0,9.0,0.0,199346
06-IMG_0984,W04,,,11,10,1,needs_colony_review,196.0,151.0,0.0,15.0,17.0,0.0,194297
07-IMG_0983,W01,,,34,34,0,needs_colony_review,224.0,147.0,0.0,11.0,11.0,0.0,195350
07-IMG_0983,W02,,,52,52,0,needs_colony_review,223.0,148.0,0.0,13.0,13.0,0.0,185294
07-IMG_0983,W03,,,15,15,0,needs_colony_review,215.0,147.0,0.0,9.0,11.0,0.0,199901
07-IMG_0983,W04,,,34,34,0,needs_colony_review,210.0,140.0,0.0,12.0,12.0,0.0,192431
08-IMG_0982,W01,,,0,0,0,needs_colony_review,241.0,144.0,0.0,9.0,11.0,0.0,198278
08-IMG_0982,W02,,,0,0,0,needs_colony_review,240.0,144.0,0.0,11.0,10.0,0.0,187426
08-IMG_0982,W03,,,3,3,0,needs_colony_review,236.0,148.0,0.0,10.0,10.0,0.0,201237
08-IMG_0982,W04,,,0,0,0,needs_colony_review,232.0,141.0,0.0,12.0,11.0,0.0,192660
09-IMG_0980,W01,,,11,11,0,needs_colony_review,209.0,162.0,0.0,11.0,12.0,0.0,203175
09-IMG_0980,W02,,,43,43,0,needs_colony_review,211.0,168.0,0.0,10.0,11.0,0.0,191368
09-IMG_0980,W03,,,16,16,0,needs_colony_review,203.0,161.0,0.0,11.0,11.0,0.0,201540
09-IMG_0980,W04,,,12,12,0,needs_colony_review,195.0,151.0,0.0,12.0,14.0,0.0,191584
10-IMG_0979,W01,,,2,2,0,needs_colony_review,225.0,110.0,0.0,10.0,11.0,0.0,138396
10-IMG_0979,W02,,,7,7,0,needs_colony_review,229.0,113.0,0.0,6.0,9.0,0.0,133222
10-IMG_0979,W03,,,5,5,0,needs_colony_review,209.0,101.0,0.0,15.0,14.0,0.0,138245
10-IMG_0979,W04,,,6,6,0,needs_colony_review,208.0,99.0,0.0,15.0,14.0,0.0,133074
