image_id,well_id,region_id,kind,area_px,center_x_px,center_y_px,centroid_pixel_x_px,centroid_pixel_y_px,mean_R_0_255,mean_G_0_255,mean_B_0_255,centroid_R_0_255,centroid_G_0_255,centroid_B_0_255,integrated_R,integrated_G,integrated_B,integrated_RGB_total,ratio_R_to_G,ratio_B_to_G,mean_brightness_0_255,mean_local_color_std,sample_hex,sample_id,dilution
01-IMG_0989,W01,1,broad,23800,723.1,1234.9,726,1236,180.3,147.51,4.86,176,143,2,4291173,3510632,115550,7917355,1.2223,0.0329,144.1,1.6,#B49405,DEMO_W01,DEMO_ONLY
01-IMG_0989,W01,2,broad,4078,910.3,1025.0,910,1025,178.58,145.21,6.5,178,146,3,728269,592175,26501,1346945,1.2298,0.0448,142.1,1.76,#B39106,DEMO_W01,DEMO_ONLY
01-IMG_0989,W01,3,broad,2388,938.0,1186.2,938,1186,178.94,145.12,9.3,178,144,8,427317,346547,22206,796070,1.2331,0.0641,142.4,1.9,#B39109,DEMO_W01,DEMO_ONLY
01-IMG_0989,W01,4,broad,1386,652.0,1063.6,652,1064,177.5,144.4,5.34,178,145,4,246014,200136,7402,453552,1.2292,0.037,141.18,1.41,#B19005,DEMO_W01,DEMO_ONLY
01-IMG_0989,W01,5,broad,1230,977.4,1091.2,977,1091,179.25,145.27,7.13,183,151,8,220479,178686,8766,407931,1.2339,0.0491,142.34,2.09,#B39107,DEMO_W01,DEMO_ONLY
01-IMG_0989,W01,6,broad,1074,837.3,999.2,837,999,178.43,145.11,6.96,179,146,7,191635,155849,7472,354956,1.2296,0.0479,142.06,1.91,#B29107,DEMO_W01,DEMO_ONLY
01-IMG_0989,W01,7,broad,308,696.4,1054.8,696,1055,177.73,144.44,6.08,176,143,4,54742,44487,1872,101101,1.2305,0.0421,140.7,1.58,#B29006,DEMO_W01,DEMO_ONLY
01-IMG_0989,W01,8,broad,206,986.5,1196.7,986,1197,179.87,143.12,9.58,179,142,9,37053,29482,1973,68508,1.2568,0.0669,140.69,1.9,#B48F0A,DEMO_W01,DEMO_ONLY
01-IMG_0989,W01,9,broad,205,734.5,1053.0,735,1053,177.51,144.14,6.76,178,144,8,36389,29548,1386,67323,1.2315,0.0469,140.8,1.88,#B29007,DEMO_W01,DEMO_ONLY
01-IMG_0989,W01,10,broad,195,942.5,1110.5,943,1110,177.31,143.62,7.35,179,145,11,34575,28005,1433,64013,1.2346,0.0512,140.78,2.19,#B19007,DEMO_W01,DEMO_ONLY
01-IMG_0989,W01,11,broad,189,875.2,1243.7,875,1244,178.75,144.36,7.19,177,144,5,33784,27284,1359,62427,1.2382,0.0498,141.53,2.39,#B39007,DEMO_W01,DEMO_ONLY
01-IMG_0989,W01,12,broad,174,839.7,922.4,840,922,178.52,144.64,9.24,180,146,10,31063,25168,1607,57838,1.2342,0.0639,141.1,2.16,#B39109,DEMO_W01,DEMO_ONLY
01-IMG_0989,W01,13,broad,164,696.6,1033.0,697,1033,177.24,144.24,5.24,177,144,5,29068,23656,860,53584,1.2288,0.0364,140.74,1.58,#B19005,DEMO_W01,DEMO_ONLY
01-IMG_0989,W01,14,broad,161,645.6,1125.4,646,1125,177.17,143.91,3.88,177,144,5,28525,23169,625,52319,1.2312,0.027,140.28,0.92,#B19004,DEMO_W01,DEMO_ONLY
01-IMG_0989,W01,15,broad,157,750.6,1364.8,751,1365,178.22,144.93,5.92,181,148,7,27980,22754,929,51663,1.2297,0.0408,141.09,1.58,#B29106,DEMO_W01,DEMO_ONLY
01-IMG_0989,W01,16,broad,147,908.6,1235.4,909,1235,178.6,143.18,6.61,178,142,6,26254,21048,972,48274,1.2473,0.0462,140.44,1.94,#B38F07,DEMO_W01,DEMO_ONLY
01-IMG_0989,W01,17,broad,145,869.8,918.4,870,918,178.44,144.61,8.53,178,144,8,25874,20968,1237,48079,1.234,0.059,141.01,2.41,#B29109,DEMO_W01,DEMO_ONLY
01-IMG_0989,W01,18,broad,143,746.3,1001.3,746,1001,178.74,144.71,10.81,181,146,16,25560,20694,1546,47800,1.2351,0.0747,141.25,2.39,#B3910B,DEMO_W01,DEMO_ONLY
01-IMG_0989,W01,19,bright core,12685,728.0,1230.7,732,1233,182.66,150.48,5.87,180,148,5,2317042,1908843,74419,4300304,1.2138,0.039,146.79,1.75,#B79606,DEMO_W01,DEMO_ONLY
01-IMG_0989,W01,20,bright core,594,934.7,1182.6,936,1183,181.67,147.8,12.49,179,146,7,107910,87795,7417,203122,1.2291,0.0845,144.48,2.15,#B6940C,DEMO_W01,DEMO_ONLY
01-IMG_0989,W01,21,bright core,568,932.9,1064.6,931,1066,182.33,148.97,10.8,179,146,5,103564,84616,6136,194316,1.2239,0.0725,145.7,2.32,#B6950B,DEMO_W01,DEMO_ONLY
01-IMG_0989,W01,22,bright core,319,861.5,985.0,862,985,182.13,148.92,11.91,180,146,10,58099,47506,3799,109404,1.223,0.08,145.41,2.96,#B6950C,DEMO_W01,DEMO_ONLY
01-IMG_0989,W01,23,bright core,298,926.7,1019.9,927,1020,181.08,147.78,9.55,186,152,18,53963,44039,2845,100847,1.2253,0.0646,144.31,1.97,#B5940A,DEMO_W01,DEMO_ONLY
01-IMG_0989,W01,24,bright core,244,976.4,1089.8,976,1090,181.31,148.36,9.06,184,151,10,44240,36201,2211,82652,1.2221,0.0611,144.36,1.78,#B59409,DEMO_W01,DEMO_ONLY
01-IMG_0989,W01,25,bright core,217,837.1,998.5,837,998,180.44,147.44,8.3,179,146,7,39156,31995,1802,72953,1.2238,0.0563,143.74,1.51,#B49308,DEMO_W01,DEMO_ONLY
01-IMG_0989,W01,26,bright core,202,900.9,1205.0,901,1205,183.44,148.86,13.69,185,151,15,37054,30070,2766,69890,1.2323,0.092,146.38,3.05,#B7950E,DEMO_W01,DEMO_ONLY
01-IMG_0989,W01,27,bright core,171,925.3,1138.5,925,1138,181.35,147.87,11.2,179,146,7,31010,25286,1916,58212,1.2264,0.0758,144.68,2.78,#B5940B,DEMO_W01,DEMO_ONLY
01-IMG_0989,W01,28,bright core,119,871.3,1235.2,871,1235,181.18,147.46,11.23,180,147,8,21560,17548,1336,40444,1.2286,0.0761,144.75,2.95,#B5930B,DEMO_W01,DEMO_ONLY
01-IMG_0989,W01,29,bright core,86,897.2,995.6,897,996,181.67,147.91,12.31,180,146,10,15624,12720,1059,29403,1.2283,0.0833,144.13,2.21,#B6940C,DEMO_W01,DEMO_ONLY
01-IMG_0989,W01,30,bright core,78,910.7,1189.2,911,1189,182.23,147.5,9.33,185,149,11,14214,11505,728,26447,1.2355,0.0633,144.2,2.54,#B69409,DEMO_W01,DEMO_ONLY
01-IMG_0989,W01,31,local peak,2020,915.8,1166.5,916,1167,181.25,147.25,12.07,184,150,14,366130,297439,24382,687951,1.2309,0.082,144.16,3.43,#B5930C,DEMO_W01,DEMO_ONLY
01-IMG_0989,W01,32,local peak,766,941.4,1079.0,942,1078,185.8,151.76,16.33,183,150,9,142323,116245,12505,271073,1.2243,0.1076,148.45,3.92,#BA9810,DEMO_W01,DEMO_ONLY
01-IMG_0989,W01,33,local peak,579,867.6,1230.9,868,1231,181.28,147.04,13.79,182,148,12,104964,85138,7985,198087,1.2329,0.0938,144.08,4.23,#B5930E,DEMO_W01,DEMO_ONLY
01-IMG_0989,W01,34,local peak,567,700.2,1162.6,700,1163,185.6,153.45,10.39,186,154,11,105235,87008,5889,198132,1.2095,0.0677,149.47,2.06,#BA990A,DEMO_W01,DEMO_ONLY
01-IMG_0989,W01,35,local peak,555,856.0,979.7,856,980,182.9,149.5,13.12,183,150,9,101512,82974,7282,191768,1.2234,0.0878,146.03,3.52,#B7960D,DEMO_W01,DEMO_ONLY
01-IMG_0989,W01,36,local peak,546,778.8,1224.5,780,1223,184.55,152.54,6.15,183,151,4,100763,83286,3360,187409,1.2098,0.0403,148.25,2.3,#B99906,DEMO_W01,DEMO_ONLY
01-IMG_0989,W01,37,local peak,438,727.4,1197.5,727,1198,184.55,152.57,7.47,184,152,7,80832,66824,3272,150928,1.2096,0.049,148.56,1.72,#B99907,DEMO_W01,DEMO_ONLY
01-IMG_0989,W01,38,local peak,344,758.5,1244.6,758,1245,189.34,157.42,10.99,188,156,9,65132,54154,3782,123068,1.2027,0.0698,153.27,1.99,#BD9D0B,DEMO_W01,DEMO_ONLY
01-IMG_0989,W01,39,local peak,304,990.1,1093.9,990,1094,180.9,146.77,6.93,178,145,4,54994,44618,2106,101718,1.2326,0.0472,143.46,1.92,#B59307,DEMO_W01,DEMO_ONLY
01-IMG_0989,W01,40,local peak,261,883.9,1304.9,884,1305,183.34,147.47,22.23,184,148,26,47853,38490,5802,92145,1.2433,0.1507,145.14,4.46,#B79316,DEMO_W01,DEMO_ONLY
01-IMG_0989,W01,41,local peak,245,801.4,1038.3,801,1038,185.53,153.15,23.22,199,168,51,45456,37522,5689,88667,1.2114,0.1516,149.37,10.25,#BA9917,DEMO_W01,DEMO_ONLY
01-IMG_0989,W01,42,local peak,229,928.0,1017.1,928,1017,181.11,147.87,9.32,182,148,12,41474,33862,2134,77470,1.2248,0.063,144.37,2.01,#B59409,DEMO_W01,DEMO_ONLY
01-IMG_0989,W01,43,local peak,210,830.1,904.6,830,905,176.78,142.3,10.95,175,141,8,37123,29882,2299,69304,1.2423,0.0769,139.75,1.82,#B18E0B,DEMO_W01,DEMO_ONLY
01-IMG_0989,W01,44,local peak,206,901.4,1071.6,901,1072,180.17,146.9,8.19,182,149,10,37115,30261,1688,69064,1.2265,0.0558,143.2,2.97,#B49308,DEMO_W01,DEMO_ONLY
01-IMG_0989,W01,45,local peak,192,872.8,917.4,873,917,177.91,144.0,8.11,178,144,8,34158,27648,1558,63364,1.2355,0.0564,140.76,2.52,#B29008,DEMO_W01,DEMO_ONLY
01-IMG_0989,W01,46,local peak,190,924.8,1295.1,925,1295,179.45,142.17,12.3,179,142,12,34095,27013,2337,63445,1.2622,0.0865,139.94,3.0,#B38E0C,DEMO_W01,DEMO_ONLY
01-IMG_0989,W02,1,broad,35342,1939.9,1179.7,1952,1204,182.84,150.29,7.97,186,154,9,6461957,5311487,281839,12055283,1.2166,0.0531,146.8,1.84,#B79608,DEMO_W02,DEMO_ONLY
01-IMG_0989,W02,2,broad,211,1930.1,1181.5,1930,1181,180.9,148.67,7.16,179,148,6,38169,31370,1511,71050,1.2167,0.0482,144.37,2.29,#B59507,DEMO_W02,DEMO_ONLY
01-IMG_0989,W02,3,broad,183,2134.3,1059.6,2134,1060,181.45,147.91,10.39,179,146,7,33205,27068,1901,62174,1.2267,0.0702,144.0,2.0,#B5940A,DEMO_W02,DEMO_ONLY
01-IMG_0989,W02,4,broad,160,2113.2,1086.5,2113,1087,180.53,147.14,8.16,181,148,7,28885,23542,1306,53733,1.227,0.0555,143.83,2.03,#B59308,DEMO_W02,DEMO_ONLY
01-IMG_0989,W02,5,broad,157,1951.2,1050.2,1951,1050,182.06,148.13,10.64,183,149,13,28583,23256,1670,53509,1.2291,0.0718,144.54,2.4,#B6940B,DEMO_W02,DEMO_ONLY
01-IMG_0989,W02,6,bright core,6536,1960.7,1118.6,1961,1119,186.04,153.76,10.7,186,154,11,1215965,1004978,69944,2290887,1.2099,0.0696,150.08,1.96,#BA9A0B,DEMO_W02,DEMO_ONLY
01-IMG_0989,W02,7,bright core,4598,1994.5,1234.1,1994,1234,186.62,154.58,9.97,186,154,9,858098,710767,45859,1614724,1.2073,0.0645,150.79,2.07,#BB9B0A,DEMO_W02,DEMO_ONLY
01-IMG_0989,W02,8,bright core,3783,1890.9,1237.6,1889,1235,185.22,152.74,10.32,184,152,9,700699,577807,39052,1317558,1.2127,0.0676,149.12,2.19,#B9990A,DEMO_W02,DEMO_ONLY
01-IMG_0989,W02,9,bright core,126,1863.3,1134.2,1863,1134,185.82,153.14,12.02,186,153,12,23413,19296,1515,44224,1.2134,0.0785,148.65,2.53,#BA990C,DEMO_W02,DEMO_ONLY
01-IMG_0989,W02,10,bright core,85,1883.0,1318.3,1883,1318,185.89,152.4,14.78,187,153,17,15801,12954,1256,30011,1.2198,0.097,148.23,2.33,#BA980F,DEMO_W02,DEMO_ONLY
01-IMG_0989,W02,11,bright core,82,1920.0,1111.9,1920,1112,185.79,153.4,10.96,192,160,17,15235,12579,899,28713,1.2111,0.0715,148.87,1.74,#BA990B,DEMO_W02,DEMO_ONLY
01-IMG_0989,W02,12,bright core,56,1892.1,1079.9,1892,1080,186.75,153.75,13.91,186,154,11,10458,8610,779,19847,1.2146,0.0905,148.33,2.58,#BB9A0E,DEMO_W02,DEMO_ONLY
01-IMG_0989,W02,13,local peak,847,2038.0,1229.7,2038,1230,185.26,152.71,10.09,185,153,10,156917,129347,8544,294808,1.2131,0.0661,148.88,2.83,#B9990A,DEMO_W02,DEMO_ONLY
01-IMG_0989,W02,14,local peak,820,1997.8,1205.7,1998,1206,190.66,158.51,14.15,192,159,18,156338,129980,11599,297917,1.2028,0.0892,154.52,2.55,#BF9F0E,DEMO_W02,DEMO_ONLY
01-IMG_0989,W02,15,local peak,717,1924.9,1146.4,1925,1146,189.06,156.35,15.55,188,156,11,135555,112106,11149,258810,1.2092,0.0995,152.78,2.98,#BD9C10,DEMO_W02,DEMO_ONLY
01-IMG_0989,W02,16,local peak,516,2182.2,1271.0,2182,1271,179.97,145.05,15.16,183,148,18,92864,74848,7824,175536,1.2407,0.1045,142.52,3.03,#B4910F,DEMO_W02,DEMO_ONLY
01-IMG_0989,W02,17,local peak,466,2091.6,1277.3,2092,1277,179.32,145.32,12.88,175,142,3,83562,67717,6001,157280,1.234,0.0886,142.39,2.99,#B3910D,DEMO_W02,DEMO_ONLY
01-IMG_0989,W02,18,local peak,436,1927.1,1220.4,1927,1220,191.32,159.06,16.96,195,162,21,83416,69350,7395,160161,1.2028,0.1066,154.57,3.29,#BF9F11,DEMO_W02,DEMO_ONLY
01-IMG_0989,W02,19,local peak,328,1996.1,1280.7,1996,1281,186.35,154.48,9.95,187,155,12,61122,50671,3262,115055,1.2063,0.0644,150.22,2.3,#BA9A0A,DEMO_W02,DEMO_ONLY
01-IMG_0989,W02,20,local peak,281,2040.0,1319.6,2040,1320,184.17,149.75,22.59,186,150,30,51751,42079,6349,100179,1.2299,0.1509,146.75,4.47,#B89617,DEMO_W02,DEMO_ONLY
01-IMG_0989,W02,21,local peak,267,1832.7,1248.7,1833,1249,185.12,151.47,16.16,185,151,17,49428,40442,4314,94184,1.2222,0.1067,148.37,2.79,#B99710,DEMO_W02,DEMO_ONLY
01-IMG_0989,W02,22,local peak,247,1948.1,1201.1,1948,1201,189.49,156.87,15.41,191,159,16,46804,38747,3807,89358,1.2079,0.0983,152.84,3.74,#BD9D0F,DEMO_W02,DEMO_ONLY
01-IMG_0989,W02,23,local peak,216,1999.1,1135.8,1999,1136,187.97,155.86,13.0,184,153,11,40602,33666,2808,77076,1.206,0.0834,151.97,2.06,#BC9C0D,DEMO_W02,DEMO_ONLY
01-IMG_0989,W02,24,local peak,191,1967.5,1135.0,1967,1135,190.14,157.86,15.93,187,157,11,36317,30151,3043,69511,1.2045,0.1009,153.59,2.64,#BE9E10,DEMO_W02,DEMO_ONLY
01-IMG_0989,W02,25,local peak,188,2197.0,1243.0,2197,1243,179.47,144.95,17.68,181,145,22,33741,27251,3323,64315,1.2382,0.1219,142.39,3.33,#B39112,DEMO_W02,DEMO_ONLY
01-IMG_0989,W02,26,local peak,186,1997.8,1370.3,1997,1370,181.16,145.83,25.58,181,145,22,33696,27124,4757,65577,1.2423,0.1754,143.09,4.21,#B5921A,DEMO_W02,DEMO_ONLY
01-IMG_0989,W02,27,local peak,175,2065.4,1306.3,2065,1306,184.67,150.19,24.99,191,157,34,32317,26284,4373,62974,1.2295,0.1664,147.02,5.75,#B99619,DEMO_W02,DEMO_ONLY
01-IMG_0989,W02,28,local peak,169,1949.4,1361.7,1949,1362,179.54,144.98,21.24,179,144,26,30342,24502,3590,58434,1.2383,0.1465,142.32,3.68,#B49115,DEMO_W02,DEMO_ONLY
01-IMG_0989,W03,1,broad,27135,762.9,2078.0,763,2078,165.2,134.95,4.51,168,138,6,4482651,3661848,122406,8266905,1.2241,0.0334,131.93,1.6,#A58705,DEMO_W03,DEMO_ONLY
01-IMG_0989,W03,2,broad,4176,896.5,2230.4,896,2230,161.54,132.15,7.05,164,135,9,674582,551874,29446,1255902,1.2223,0.0534,129.22,1.78,#A28407,DEMO_W03,DEMO_ONLY
01-IMG_0989,W03,3,broad,1846,938.5,2151.8,938,2152,162.13,132.02,7.5,166,138,13,299292,243717,13840,556849,1.228,0.0568,129.09,2.12,#A28407,DEMO_W03,DEMO_ONLY
01-IMG_0989,W03,4,broad,1275,582.8,2127.8,583,2128,163.51,132.36,6.26,162,132,12,208469,168755,7980,385204,1.2353,0.0473,129.51,2.26,#A48406,DEMO_W03,DEMO_ONLY
01-IMG_0989,W03,5,broad,1111,730.4,2219.5,730,2219,161.03,131.3,5.61,160,131,3,178906,145871,6231,331008,1.2265,0.0427,128.13,1.74,#A18306,DEMO_W03,DEMO_ONLY
01-IMG_0989,W03,6,broad,762,993.2,2228.7,993,2229,161.79,131.86,6.74,161,132,4,123286,100479,5137,228902,1.227,0.0511,129.05,1.81,#A28407,DEMO_W03,DEMO_ONLY
01-IMG_0989,W03,7,broad,442,931.7,2106.2,932,2106,160.94,131.1,5.66,163,134,8,71136,57945,2503,131584,1.2276,0.0432,127.77,1.43,#A18306,DEMO_W03,DEMO_ONLY
01-IMG_0989,W03,8,broad,413,542.1,2171.6,542,2172,162.09,131.0,5.78,165,134,9,66944,54101,2388,123433,1.2374,0.0441,128.18,2.05,#A28306,DEMO_W03,DEMO_ONLY
01-IMG_0989,W03,9,broad,236,743.5,2189.7,744,2190,161.31,130.31,5.31,159,128,3,38069,30753,1253,70075,1.2379,0.0407,127.25,1.09,#A18205,DEMO_W03,DEMO_ONLY
01-IMG_0989,W03,10,broad,171,959.3,2217.2,959,2217,161.69,131.96,6.29,164,135,9,27649,22565,1075,51289,1.2253,0.0476,128.85,2.23,#A28406,DEMO_W03,DEMO_ONLY
01-IMG_0989,W03,11,broad,145,710.1,2175.7,710,2176,161.99,131.21,5.67,159,128,1,23489,19025,822,43336,1.2346,0.0432,127.64,1.35,#A28306,DEMO_W03,DEMO_ONLY
01-IMG_0989,W03,12,bright core,14547,768.0,2071.7,768,2072,167.49,137.47,5.42,168,138,4,2436450,1999828,78867,4515145,1.2183,0.0394,134.17,1.63,#A78905,DEMO_W03,DEMO_ONLY
01-IMG_0989,W03,13,bright core,424,929.5,2246.4,929,2246,165.34,135.82,11.32,164,135,9,70103,57586,4798,132487,1.2174,0.0833,132.54,2.14,#A5880B,DEMO_W03,DEMO_ONLY
01-IMG_0989,W03,14,bright core,418,622.6,2084.7,623,2085,167.74,136.92,6.86,168,138,6,70115,57231,2869,130215,1.2251,0.0501,133.66,2.41,#A88907,DEMO_W03,DEMO_ONLY
01-IMG_0989,W03,15,bright core,205,633.4,2057.2,633,2057,168.29,137.41,7.17,170,140,8,34500,28170,1469,64139,1.2247,0.0521,133.94,2.6,#A88907,DEMO_W03,DEMO_ONLY
01-IMG_0989,W03,16,bright core,198,599.8,2111.7,600,2112,167.4,136.76,7.48,167,137,7,33145,27078,1481,61704,1.2241,0.0547,133.66,2.56,#A78907,DEMO_W03,DEMO_ONLY
01-IMG_0989,W03,17,bright core,121,993.7,2208.1,994,2208,166.01,136.43,11.22,167,137,13,20087,16508,1358,37953,1.2168,0.0823,133.24,2.34,#A6880B,DEMO_W03,DEMO_ONLY
01-IMG_0989,W03,18,bright core,76,942.1,2149.8,942,2150,165.58,136.47,10.95,165,137,12,12584,10372,832,23788,1.2133,0.0802,132.7,2.18,#A6880B,DEMO_W03,DEMO_ONLY
01-IMG_0989,W03,19,bright core,68,916.7,2166.5,917,2166,165.79,136.03,12.06,167,137,13,11274,9250,820,21344,1.2188,0.0886,132.39,2.41,#A6880C,DEMO_W03,DEMO_ONLY
01-IMG_0989,W03,20,bright core,66,607.8,2130.3,608,2130,169.02,138.2,11.08,171,140,13,11155,9121,731,21007,1.223,0.0801,133.33,2.4,#A98A0B,DEMO_W03,DEMO_ONLY
01-IMG_0989,W03,21,local peak,862,778.1,2132.3,778,2132,170.74,141.0,8.88,169,139,7,147174,121542,7657,276373,1.2109,0.063,136.96,2.4,#AB8D09,DEMO_W03,DEMO_ONLY
01-IMG_0989,W03,22,local peak,843,934.2,2246.4,934,2246,165.04,135.39,11.49,163,134,8,139128,114137,9683,262948,1.219,0.0848,132.09,2.74,#A5870B,DEMO_W03,DEMO_ONLY
01-IMG_0989,W03,23,local peak,795,728.8,2228.2,729,2228,161.95,132.09,7.02,164,135,9,128749,105010,5579,239338,1.2261,0.0531,128.63,2.13,#A28407,DEMO_W03,DEMO_ONLY
01-IMG_0989,W03,24,local peak,623,537.0,2175.2,537,2175,161.6,130.36,5.1,163,132,5,100675,81217,3179,185071,1.2396,0.0391,127.67,2.17,#A28205,DEMO_W03,DEMO_ONLY
01-IMG_0989,W03,25,local peak,611,603.1,2087.2,603,2087,171.29,139.79,12.02,167,134,1,104657,85412,7347,197416,1.2253,0.086,136.68,5.54,#AB8C0C,DEMO_W03,DEMO_ONLY
01-IMG_0989,W03,26,local peak,564,862.2,2198.7,861,2198,162.52,133.11,8.2,162,133,7,91661,75074,4625,171360,1.2209,0.0616,129.8,2.07,#A38508,DEMO_W03,DEMO_ONLY
01-IMG_0989,W03,27,local peak,471,879.3,2115.6,879,2116,163.94,134.17,8.14,165,136,8,77214,63196,3836,144246,1.2218,0.0607,130.9,1.99,#A48608,DEMO_W03,DEMO_ONLY
01-IMG_0989,W03,28,local peak,383,537.1,2342.3,537,2342,164.13,133.09,9.41,170,138,17,62863,50975,3603,117441,1.2332,0.0707,130.17,3.99,#A48509,DEMO_W03,DEMO_ONLY
01-IMG_0989,W03,29,local peak,383,943.2,2380.7,943,2381,161.27,130.82,12.58,165,135,15,61767,50103,4819,116689,1.2328,0.0962,127.94,4.1,#A1830D,DEMO_W03,DEMO_ONLY
01-IMG_0989,W03,30,local peak,366,520.2,2238.8,520,2239,160.98,129.55,5.41,159,128,3,58917,47415,1980,108312,1.2426,0.0418,126.68,1.65,#A18205,DEMO_W03,DEMO_ONLY
01-IMG_0989,W03,31,local peak,360,983.1,2210.0,983,2210,167.77,137.26,14.15,174,143,18,60397,49414,5095,114906,1.2223,0.1031,134.32,3.45,#A8890E,DEMO_W03,DEMO_ONLY
01-IMG_0989,W03,32,local peak,352,873.6,2046.4,877,2044,166.85,136.67,8.28,165,135,5,58731,48107,2916,109754,1.2208,0.0606,133.19,1.96,#A78908,DEMO_W03,DEMO_ONLY
01-IMG_0989,W03,33,local peak,332,822.5,2215.8,823,2216,177.85,146.63,25.07,220,183,68,59047,48681,8324,116052,1.2129,0.171,143.63,15.31,#B29319,DEMO_W03,DEMO_ONLY
01-IMG_0989,W03,34,local peak,332,881.1,2453.3,881,2453,159.04,129.04,7.98,162,132,10,52801,42841,2649,98291,1.2325,0.0618,126.04,2.6,#9F8108,DEMO_W03,DEMO_ONLY
01-IMG_0989,W03,35,local peak,309,561.3,2135.6,561,2136,163.54,132.69,7.98,161,131,7,50534,41002,2467,94003,1.2325,0.0602,129.55,2.27,#A48508,DEMO_W03,DEMO_ONLY
01-IMG_0989,W03,36,local peak,306,814.1,2029.3,814,2029,169.64,139.66,7.63,169,139,7,51909,42735,2334,96978,1.2147,0.0546,135.67,2.05,#AA8C08,DEMO_W03,DEMO_ONLY
01-IMG_0989,W04,1,broad,34585,2061.0,2122.0,2061,2122,175.01,145.21,4.37,176,145,3,6052596,5022146,151226,11225968,1.2052,0.0301,141.3,1.51,#AF9104,DEMO_W04,DEMO_ONLY
01-IMG_0989,W04,2,broad,2226,1880.4,2212.9,1880,2213,172.97,144.16,4.95,173,144,4,385042,320895,11021,716958,1.1999,0.0343,139.95,1.86,#AD9005,DEMO_W04,DEMO_ONLY
01-IMG_0989,W04,3,broad,397,2211.0,2180.7,2211,2181,174.4,145.4,7.96,175,146,6,69237,57724,3162,130123,1.1994,0.0548,141.51,2.04,#AE9108,DEMO_W04,DEMO_ONLY
01-IMG_0989,W04,4,broad,395,2122.9,2292.6,2123,2293,173.56,145.08,6.38,168,139,1,68556,57305,2521,128382,1.1963,0.044,140.92,2.03,#AE9106,DEMO_W04,DEMO_ONLY
01-IMG_0989,W04,5,broad,135,1886.5,2280.4,1886,2280,171.8,142.98,5.05,171,142,4,23193,19302,682,43177,1.2016,0.0353,138.41,1.46,#AC8F05,DEMO_W04,DEMO_ONLY
01-IMG_0989,W04,6,bright core,12081,2065.6,2088.3,2066,2088,178.25,147.87,5.4,178,147,4,2153410,1786453,65276,4005139,1.2054,0.0365,143.87,1.57,#B29405,DEMO_W04,DEMO_ONLY
01-IMG_0989,W04,7,bright core,1437,1920.3,2136.8,1920,2137,177.18,148.64,7.03,178,149,9,254612,213594,10105,478311,1.192,0.0473,144.26,1.98,#B19507,DEMO_W04,DEMO_ONLY
01-IMG_0989,W04,8,bright core,504,2199.5,2076.9,2200,2077,178.04,146.9,7.13,178,147,7,89731,74039,3595,167365,1.2119,0.0486,143.18,1.65,#B29307,DEMO_W04,DEMO_ONLY
01-IMG_0989,W04,9,bright core,356,1891.0,2213.6,1891,2213,176.14,147.42,8.58,174,145,5,62707,52480,3056,118243,1.1949,0.0582,142.64,1.99,#B09309,DEMO_W04,DEMO_ONLY
01-IMG_0989,W04,10,bright core,214,2210.8,2132.4,2211,2132,175.64,147.05,9.02,176,147,9,37586,31468,1930,70984,1.1944,0.0613,142.6,1.74,#B09309,DEMO_W04,DEMO_ONLY
01-IMG_0989,W04,11,bright core,178,2206.6,2174.3,2207,2174,176.9,147.88,10.49,177,148,12,31488,26322,1868,59678,1.1963,0.071,143.56,2.11,#B1940A,DEMO_W04,DEMO_ONLY
01-IMG_0989,W04,12,bright core,137,1942.1,2160.6,1942,2161,175.71,146.68,8.66,175,146,8,24072,20095,1187,45354,1.1979,0.0591,142.28,1.61,#B09309,DEMO_W04,DEMO_ONLY
01-IMG_0989,W04,13,bright core,126,1887.0,2188.6,1887,2189,176.67,147.74,8.1,173,144,6,22261,18615,1021,41897,1.1959,0.0548,142.83,2.49,#B19408,DEMO_W04,DEMO_ONLY
01-IMG_0989,W04,14,bright core,123,1914.5,2101.2,1914,2101,176.5,148.2,5.98,174,145,5,21709,18229,736,40674,1.1909,0.0404,143.17,2.28,#B09406,DEMO_W04,DEMO_ONLY
01-IMG_0989,W04,15,bright core,114,1951.7,2118.6,1952,2119,176.3,147.39,7.21,175,146,6,20098,16803,822,37723,1.1961,0.0489,142.66,1.4,#B09307,DEMO_W04,DEMO_ONLY
01-IMG_0989,W04,16,bright core,84,2125.7,2283.9,2126,2284,175.74,147.5,8.38,177,148,8,14762,12390,704,27856,1.1914,0.0568,142.25,2.18,#B09408,DEMO_W04,DEMO_ONLY
01-IMG_0989,W04,17,bright core,83,2115.2,2030.7,2115,2031,179.06,149.72,6.29,181,153,9,14862,12427,522,27811,1.1959,0.042,143.77,2.12,#B39606,DEMO_W04,DEMO_ONLY
01-IMG_0989,W04,18,local peak,1550,2219.5,2185.7,2219,2185,174.43,145.02,9.31,173,144,8,270373,224782,14428,509583,1.2028,0.0642,140.98,2.88,#AE9109,DEMO_W04,DEMO_ONLY
01-IMG_0989,W04,19,local peak,942,1891.9,2138.8,1891,2140,180.25,151.89,10.28,176,147,7,169796,143080,9686,322562,1.1867,0.0677,147.02,3.14,#B4980A,DEMO_W04,DEMO_ONLY
01-IMG_0989,W04,20,local peak,825,2130.9,2284.7,2131,2285,173.56,145.68,7.52,175,148,7,143187,120182,6204,269573,1.1914,0.0516,141.01,2.92,#AE9208,DEMO_W04,DEMO_ONLY
01-IMG_0989,W04,21,local peak,779,2105.1,2154.1,2105,2154,179.99,151.27,8.82,180,152,9,140213,117840,6869,264922,1.1899,0.0583,146.65,1.82,#B49709,DEMO_W04,DEMO_ONLY
01-IMG_0989,W04,22,local peak,745,2201.0,2066.8,2201,2067,176.4,145.08,5.63,178,147,7,131420,108083,4192,243695,1.2159,0.0388,141.45,2.0,#B09106,DEMO_W04,DEMO_ONLY
01-IMG_0989,W04,23,local peak,626,2054.7,2033.6,2055,2035,181.0,150.16,6.71,180,149,6,113304,93998,4199,211501,1.2054,0.0447,145.92,2.42,#B59607,DEMO_W04,DEMO_ONLY
01-IMG_0989,W04,24,local peak,335,2047.9,2328.7,2049,2328,171.69,142.64,6.32,167,138,2,57517,47784,2116,107417,1.2037,0.0443,138.52,1.89,#AC8F06,DEMO_W04,DEMO_ONLY
01-IMG_0989,W04,25,local peak,312,2215.5,2134.5,2215,2135,175.63,147.28,9.15,178,149,11,54798,45952,2856,103606,1.1925,0.0622,142.6,2.53,#B09309,DEMO_W04,DEMO_ONLY
01-IMG_0989,W04,26,local peak,228,2126.2,2047.0,2126,2047,179.25,149.58,7.75,178,147,5,40870,34105,1767,76742,1.1984,0.0518,144.95,2.18,#B39608,DEMO_W04,DEMO_ONLY
01-IMG_0989,W04,27,local peak,201,1990.4,2046.8,1990,2047,180.82,149.69,8.25,182,151,8,36344,30087,1659,68090,1.208,0.0551,145.23,2.42,#B59608,DEMO_W04,DEMO_ONLY
01-IMG_0989,W04,28,local peak,191,2103.1,2300.1,2103,2300,176.28,147.0,10.58,176,147,11,33669,28077,2020,63766,1.1992,0.0719,142.35,2.97,#B0930B,DEMO_W04,DEMO_ONLY
01-IMG_0989,W04,29,local peak,173,2133.3,2217.1,2133,2217,173.32,144.32,5.55,173,144,6,29985,24968,960,55913,1.2009,0.0384,140.16,1.67,#AD9006,DEMO_W04,DEMO_ONLY
01-IMG_0989,W04,30,local peak,171,1904.0,2184.8,1904,2185,179.18,150.3,11.05,182,153,15,30640,25702,1889,58231,1.1921,0.0735,145.09,2.86,#B3960B,DEMO_W04,DEMO_ONLY
01-IMG_0989,W04,31,local peak,154,1855.2,2208.7,1855,2209,173.86,144.97,4.96,174,145,5,26775,22326,764,49865,1.1993,0.0342,140.46,1.65,#AE9105,DEMO_W04,DEMO_ONLY
01-IMG_0989,W04,32,local peak,146,1847.6,2249.3,1848,2249,172.03,144.12,7.91,170,142,6,25117,21041,1155,47313,1.1937,0.0549,139.48,3.29,#AC9008,DEMO_W04,DEMO_ONLY
01-IMG_0989,W04,33,local peak,113,1884.7,2220.9,1885,2221,176.16,147.65,9.89,175,146,8,19906,16685,1118,37709,1.193,0.067,142.98,2.12,#B0940A,DEMO_W04,DEMO_ONLY
