image_id,sha256,width,height,detected_wells,color_status
01-IMG_0989,f3f9ae594f9fba89098c5aef38498d0211883d04f823625531774a81dccbe53f,3024,4032,4,ICC converted to sRGB
02-IMG_0988,a8985df2a4e4b2e136e711f70a37edaba614ae61b356cd0dc7e02f0d25334167,3024,4032,4,ICC converted to sRGB
03-IMG_0987,45cd4618503c3285242d8011461c20f7cc555d59f600a92b88b92542f58c0576,3024,4032,4,ICC converted to sRGB
04-IMG_0986,76b490b7a1c7b6fad333f7c2684e872e2e162d77ccb409ad1439efed37dd0013,3024,4032,4,ICC converted to sRGB
05-IMG_0985,7361aab1e630fbcbe6a03e283f67cb8da6a78ea7b22cbb51ab62e1af2e74943a,3024,4032,4,ICC converted to sRGB
06-IMG_0984,4155d32951bee2929fb6b8b2b80472c95acb23e448e3e7300bedd71a801a357b,3024,4032,4,ICC converted to sRGB
07-IMG_0983,bb95e9fd7c2fe52ae030189a2ecf692634f861d72d75f22c5ea40d3f159e5601,3024,4032,4,ICC converted to sRGB
08-IMG_0982,2e961758b43118f1feefb17f5449de3e85f245c1f85fa5e1fcadf570b2dca0ce,3024,4032,4,ICC converted to sRGB
09-IMG_0980,a7a172bd7ee2f7c705bb4ef24e1706d9e80b899313704335f41cf88a7efe6e4d,3024,4032,4,ICC converted to sRGB
10-IMG_0979,d87337ee97e56f1d8e83e299a5bfa08486e68cd847a9e3309bd3b3e8d0eddf1d,3024,4032,4,ICC converted to sRGB
