image_id,well_id,experiment_id,target,reviewed,roi_reviewed,blank_image_id,blank_well_id,excitation_B
01-IMG_0989,W01,pilot_unconfirmed,,False,False,,,
01-IMG_0989,W02,pilot_unconfirmed,,False,False,,,
01-IMG_0989,W03,pilot_unconfirmed,,False,False,,,
01-IMG_0989,W04,pilot_unconfirmed,,False,False,,,
02-IMG_0988,W01,pilot_unconfirmed,,False,False,,,
02-IMG_0988,W02,pilot_unconfirmed,,False,False,,,
02-IMG_0988,W03,pilot_unconfirmed,,False,False,,,
02-IMG_0988,W04,pilot_unconfirmed,,False,False,,,
03-IMG_0987,W01,pilot_unconfirmed,,False,False,,,
03-IMG_0987,W02,pilot_unconfirmed,,False,False,,,
03-IMG_0987,W03,pilot_unconfirmed,,False,False,,,
03-IMG_0987,W04,pilot_unconfirmed,,False,False,,,
04-IMG_0986,W01,pilot_unconfirmed,,False,False,,,
04-IMG_0986,W02,pilot_unconfirmed,,False,False,,,
04-IMG_0986,W03,pilot_unconfirmed,,False,False,,,
04-IMG_0986,W04,pilot_unconfirmed,,False,False,,,
05-IMG_0985,W01,pilot_unconfirmed,,False,False,,,
05-IMG_0985,W02,pilot_unconfirmed,,False,False,,,
05-IMG_0985,W03,pilot_unconfirmed,,False,False,,,
05-IMG_0985,W04,pilot_unconfirmed,,False,False,,,
06-IMG_0984,W01,pilot_unconfirmed,,False,False,,,
06-IMG_0984,W02,pilot_unconfirmed,,False,False,,,
06-IMG_0984,W03,pilot_unconfirmed,,False,False,,,
06-IMG_0984,W04,pilot_unconfirmed,,False,False,,,
07-IMG_0983,W01,pilot_unconfirmed,,False,False,,,
07-IMG_0983,W02,pilot_unconfirmed,,False,False,,,
07-IMG_0983,W03,pilot_unconfirmed,,False,False,,,
07-IMG_0983,W04,pilot_unconfirmed,,False,False,,,
08-IMG_0982,W01,pilot_unconfirmed,,False,False,,,
08-IMG_0982,W02,pilot_unconfirmed,,False,False,,,
08-IMG_0982,W03,pilot_unconfirmed,,False,False,,,
08-IMG_0982,W04,pilot_unconfirmed,,False,False,,,
09-IMG_0980,W01,pilot_unconfirmed,,False,False,,,
09-IMG_0980,W02,pilot_unconfirmed,,False,False,,,
09-IMG_0980,W03,pilot_unconfirmed,,False,False,,,
09-IMG_0980,W04,pilot_unconfirmed,,False,False,,,
10-IMG_0979,W01,pilot_unconfirmed,,False,False,,,
10-IMG_0979,W02,pilot_unconfirmed,,False,False,,,
10-IMG_0979,W03,pilot_unconfirmed,,False,False,,,
10-IMG_0979,W04,pilot_unconfirmed,,False,False,,,
