image_id,well_id,edge_fraction,candidate_fraction,saturated_fraction,qc_status,cx,cy,rx,ry,angle,circularity,square_R_median,square_G_median,square_B_median,square_R_iqr,square_G_iqr,square_B_iqr,square_pixel_count,circle_R_median,circle_G_median,circle_B_median,circle_R_iqr,circle_G_iqr,circle_B_iqr,circle_pixel_count,inner_R_median,inner_G_median,inner_B_median,inner_R_iqr,inner_G_iqr,inner_B_iqr,inner_pixel_count,candidate_excluded_R_median,candidate_excluded_G_median,candidate_excluded_B_median,candidate_excluded_R_iqr,candidate_excluded_G_iqr,candidate_excluded_B_iqr,candidate_excluded_pixel_count,edge0_R_median,edge0_G_median,edge0_B_median,edge5_R_median,edge5_G_median,edge5_B_median,edge10_R_median,edge10_G_median,edge10_B_median,edge15_R_median,edge15_G_median,edge15_B_median
01-IMG_0989,W01,0.1,0.0,0.0,needs_review,757.1005004882812,1126.960283203125,274.889384765625,279.57995727539065,49.165313720703125,0.8906838488678573,177.0,134.0,0.0,17.0,19.0,0.0,308025,179.0,136.0,0.0,9.0,9.0,0.0,241451,180.0,137.0,0.0,7.0,9.0,0.0,195562,180.0,137.0,0.0,7.0,9.0,0.0,195562,179.0,136.0,0.0,179.0,136.0,0.0,180.0,137.0,0.0,180.0,137.0,0.0
01-IMG_0989,W02,0.1,0.0,0.0,needs_review,2053.1896875,1168.653486328125,270.46154296875,274.84413940429687,117.49183654785156,0.8787205060284484,178.0,133.0,0.0,19.0,20.0,0.0,300304,181.0,137.0,0.0,10.0,13.0,0.0,233516,182.0,139.0,0.0,9.0,11.0,0.0,189168,182.0,139.0,0.0,9.0,11.0,0.0,189168,181.0,137.0,0.0,181.0,138.0,0.0,182.0,139.0,0.0,182.0,139.0,0.0
01-IMG_0989,W03,0.1,0.0,0.0,needs_review,755.6705932617188,2256.817705078125,278.2677648925781,282.3573046875,43.16801452636719,0.8713576284742326,159.0,121.0,0.0,12.0,12.0,0.0,314721,161.0,123.0,0.0,9.0,8.0,0.0,246839,161.0,123.0,0.0,8.0,8.0,0.0,199944,161.0,123.0,0.0,8.0,8.0,0.0,199944,161.0,123.0,0.0,161.0,123.0,0.0,161.0,123.0,0.0,161.0,123.0,0.0
01-IMG_0989,W04,0.1,0.0,0.0,needs_review,2088.259072265625,2267.086787109375,277.5911865234375,279.70613159179686,143.5569610595703,0.8746582897763261,164.0,128.0,0.0,25.0,26.0,0.0,311364,169.0,132.0,0.0,16.0,18.0,0.0,243917,170.0,134.0,0.0,15.0,16.0,0.0,197583,170.0,134.0,0.0,15.0,16.0,0.0,197583,169.0,132.0,0.0,169.0,133.0,0.0,170.0,134.0,0.0,170.0,134.0,0.0
02-IMG_0988,W01,0.1,0.0,0.0,needs_review,764.60548828125,1139.7363427734374,274.3909167480469,279.31827758789063,50.09639358520508,0.890537148851719,197.0,146.0,0.0,16.0,18.0,0.0,307470,199.0,149.0,0.0,8.0,9.0,0.0,240779,199.0,149.0,0.0,7.0,8.0,0.0,195025,199.0,149.0,0.0,7.0,8.0,0.0,195025,199.0,149.0,0.0,199.0,149.0,0.0,199.0,149.0,0.0,199.0,149.0,0.0
02-IMG_0988,W02,0.1,1.0563845239667239e-05,0.0,needs_review,2057.4987890625002,1183.0092626953126,270.30173583984373,275.2056408691406,117.91171264648438,0.896365923687684,197.0,146.0,0.0,18.0,20.0,0.0,300852,199.0,149.0,0.0,10.0,12.0,0.0,233714,200.0,150.0,0.0,8.0,11.0,0.0,189325,200.0,150.0,0.0,8.0,11.0,0.0,189323,199.0,149.0,0.0,200.0,150.0,0.0,200.0,150.0,0.0,200.0,151.0,0.0
02-IMG_0988,W03,0.1,7.392767901587474e-05,0.0,needs_review,758.8250024414062,2268.601904296875,279.61610229492186,285.15485229492185,37.448978424072266,0.8900383257477956,179.0,135.0,0.0,13.0,11.0,0.0,320356,182.0,137.0,0.0,8.0,8.0,0.0,250486,182.0,137.0,0.0,8.0,7.0,0.0,202901,182.0,137.0,0.0,8.0,7.0,0.0,202886,182.0,137.0,0.0,182.0,137.0,0.0,182.0,137.0,0.0,182.0,137.0,0.0
02-IMG_0988,W04,0.1,0.0,0.0,needs_review,2092.04994140625,2281.127255859375,278.43093017578127,281.6310461425781,144.54336547851562,0.8827912606656597,185.0,140.0,0.0,23.0,24.0,0.0,314721,188.0,145.0,0.0,13.0,16.0,0.0,246335,189.0,146.0,0.0,13.0,15.0,0.0,199562,189.0,146.0,0.0,13.0,15.0,0.0,199562,188.0,145.0,0.0,189.0,146.0,0.0,189.0,146.0,0.0,190.0,147.0,0.0
03-IMG_0987,W01,0.1,0.00010328337860588096,0.0,needs_review,772.0419799804688,1156.444365234375,272.9642395019531,278.7907141113281,49.6378059387207,0.8926489752534656,197.0,147.0,0.0,17.0,18.0,0.0,305256,199.0,149.0,0.0,7.0,9.0,0.0,239068,200.0,149.0,0.0,7.0,8.0,0.0,193642,200.0,149.0,0.0,7.0,8.0,0.0,193622,199.0,149.0,0.0,199.0,149.0,0.0,200.0,149.0,0.0,200.0,150.0,0.0
03-IMG_0987,W02,0.1,2.125150088725016e-05,0.0,needs_review,2061.24474609375,1198.4214990234375,269.47950073242185,274.49294311523437,117.17384338378906,0.8916045242560461,197.0,146.0,0.0,17.0,19.0,0.0,299209,199.0,149.0,0.0,9.0,11.0,0.0,232370,200.0,150.0,0.0,8.0,11.0,0.0,188222,200.0,150.0,0.0,8.0,11.0,0.0,188218,199.0,149.0,0.0,200.0,150.0,0.0,200.0,150.0,0.0,201.0,151.0,0.0
03-IMG_0987,W03,0.1,0.00015835156025771716,0.0,needs_review,765.7467993164063,2282.908154296875,279.2713146972656,284.36384033203126,37.78451919555664,0.887942903886975,180.0,135.0,0.0,13.0,11.0,0.0,319225,182.0,137.0,0.0,9.0,7.0,0.0,249499,182.0,137.0,0.0,9.0,7.0,0.0,202082,182.0,137.0,0.0,9.0,7.0,0.0,202050,182.0,137.0,0.0,182.0,137.0,0.0,182.0,137.0,0.0,182.0,137.0,0.0
03-IMG_0987,W04,0.1,0.0,0.0,needs_review,2096.73064453125,2295.182080078125,278.0323095703125,281.9096960449219,146.56446838378906,0.895645041548175,184.0,140.0,0.0,23.0,22.0,0.0,315282,188.0,145.0,0.0,14.0,15.0,0.0,246224,189.0,146.0,0.0,13.0,14.0,0.0,199448,189.0,146.0,0.0,13.0,14.0,0.0,199448,188.0,145.0,0.0,189.0,145.0,0.0,189.0,146.0,0.0,190.0,146.0,0.0
04-IMG_0986,W01,0.1,0.0,0.0,needs_review,843.8428564453125,955.85765625,277.7252819824219,281.13355224609376,58.29070281982422,0.8881207574104172,188.0,144.0,0.0,17.0,20.0,0.0,314721,192.0,148.0,0.0,12.0,14.0,0.0,245303,192.0,148.0,0.0,11.0,14.0,0.0,198675,192.0,148.0,0.0,11.0,14.0,0.0,198675,192.0,148.0,0.0,192.0,148.0,0.0,192.0,148.0,0.0,192.0,147.0,0.0
04-IMG_0986,W02,0.1,0.0,0.0,needs_review,2142.9753515625002,1006.68955078125,271.6923193359375,274.999921875,108.06982421875,0.8848952082709504,182.0,137.0,0.0,21.0,20.0,0.0,301401,185.0,140.0,0.0,14.0,15.0,0.0,234726,185.0,140.0,0.0,12.0,14.0,0.0,190141,185.0,140.0,0.0,12.0,14.0,0.0,190141,185.0,140.0,0.0,185.0,140.0,0.0,185.0,140.0,0.0,185.0,140.0,0.0
04-IMG_0986,W03,0.1,0.0,0.0,needs_review,835.7723657226562,2091.4744921875,281.41868774414064,287.3283215332031,41.55011749267578,0.8933105711778229,172.0,136.0,0.0,16.0,17.0,0.0,324330,175.0,139.0,0.0,11.0,11.0,0.0,254033,175.0,139.0,0.0,10.0,10.0,0.0,205757,175.0,139.0,0.0,10.0,10.0,0.0,205757,175.0,139.0,0.0,175.0,139.0,0.0,175.0,139.0,0.0,175.0,140.0,0.0
04-IMG_0986,W04,0.1,0.0,0.0,needs_review,2170.174453125,2108.4094335937502,278.46238403320314,282.91045166015624,131.9639129638672,0.8893751560758545,168.0,131.0,0.0,23.0,24.0,0.0,315844,173.0,135.0,0.0,18.0,20.0,0.0,247492,174.0,136.0,0.0,17.0,20.0,0.0,200471,174.0,136.0,0.0,17.0,20.0,0.0,200471,173.0,135.0,0.0,174.0,136.0,0.0,174.0,136.0,0.0,174.0,136.0,0.0
05-IMG_0985,W01,0.1,0.0,0.0,needs_review,843.1051391601562,943.2862646484375,278.8610559082031,282.28632202148435,59.06584930419922,0.8938257753599806,209.0,159.0,0.0,19.0,21.0,0.0,316969,212.0,162.0,0.0,10.0,12.0,0.0,247322,212.0,162.0,0.0,10.0,10.0,0.0,200314,212.0,162.0,0.0,10.0,10.0,0.0,200314,212.0,162.0,0.0,212.0,162.0,0.0,212.0,162.0,0.0,212.0,162.0,0.0
05-IMG_0985,W02,0.1,0.00014638762397201904,0.00010979071797901429,needs_review,2144.01427734375,997.535068359375,272.6965612792969,275.6371765136719,113.22772216796875,0.8925025502317373,203.0,151.0,0.0,19.0,21.0,0.0,303050,206.0,154.0,0.0,12.0,15.0,0.0,236130,206.0,155.0,0.0,11.0,15.0,0.0,191273,206.0,155.0,0.0,11.0,15.0,0.0,191245,206.0,154.0,0.0,206.0,155.0,0.0,206.0,155.0,0.0,206.0,155.0,0.0
05-IMG_0985,W03,0.1,0.00018832755473571365,0.00012555170315714243,needs_review,833.0661547851563,2080.411552734375,282.34215454101565,288.2238977050781,43.73147201538086,0.8931032425276312,195.0,152.0,0.0,16.0,18.0,0.0,326041,197.0,154.0,0.0,10.0,10.0,0.0,255650,198.0,155.0,0.0,10.0,10.0,0.0,207086,198.0,155.0,0.0,10.0,10.0,0.0,207047,197.0,154.0,0.0,197.0,154.0,0.0,198.0,155.0,0.0,198.0,155.0,0.0
05-IMG_0985,W04,0.1,9.94693311184829e-06,0.0,needs_review,2167.878603515625,2100.151142578125,278.94580444335935,283.26336547851565,132.72799682617188,0.8926635751210177,192.0,147.0,0.0,24.0,25.0,0.0,316969,196.0,151.0,0.0,15.0,17.0,0.0,248239,197.0,152.0,0.0,15.0,17.0,0.0,201067,197.0,152.0,0.0,15.0,17.0,0.0,201065,196.0,151.0,0.0,197.0,151.0,0.0,197.0,152.0,0.0,197.0,151.0,0.0
06-IMG_0984,W01,0.1,0.0,0.0,needs_review,851.78830078125,963.425654296875,277.7586071777344,281.28897583007813,58.446197509765625,0.8918199487303229,209.0,159.0,0.0,17.0,19.0,0.0,314160,212.0,162.0,0.0,9.0,11.0,0.0,245454,212.0,162.0,0.0,9.0,11.0,0.0,198822,212.0,162.0,0.0,9.0,11.0,0.0,198822,212.0,162.0,0.0,212.0,162.0,0.0,212.0,162.0,0.0,212.0,162.0,0.0
06-IMG_0984,W02,0.1,0.00016793933191634522,0.00012070639481487313,needs_review,2149.424443359375,1016.445732421875,271.89806396484374,275.4215625,112.87816619873047,0.8870665271378068,203.0,151.0,0.0,20.0,22.0,0.0,302500,206.0,154.0,0.0,13.0,15.0,0.0,235262,207.0,155.0,0.0,11.0,15.0,0.0,190545,207.0,155.0,0.0,11.0,15.0,0.0,190513,206.0,154.0,0.0,206.0,155.0,0.0,207.0,155.0,0.0,207.0,155.0,0.0
06-IMG_0984,W03,0.1,5.796625397914181e-05,2.8983126989570904e-05,needs_review,841.1310571289063,2098.227919921875,282.0435095214844,288.43382080078123,42.631011962890625,0.8911524193791317,195.0,151.0,0.0,16.0,17.0,0.0,326041,197.0,154.0,0.0,9.0,9.0,0.0,255567,198.0,154.0,0.0,9.0,10.0,0.0,207017,198.0,154.0,0.0,9.0,10.0,0.0,207005,197.0,154.0,0.0,197.0,154.0,0.0,198.0,154.0,0.0,198.0,154.0,0.0
06-IMG_0984,W04,0.1,0.0,0.0,needs_review,2175.049365234375,2117.8430273437502,279.2171997070312,284.1202075195313,136.3954315185547,0.885301940895221,192.0,147.0,0.0,23.0,24.0,0.0,316969,196.0,151.0,0.0,15.0,17.0,0.0,249221,196.0,151.0,0.0,15.0,17.0,0.0,201883,196.0,151.0,0.0,15.0,17.0,0.0,201883,196.0,151.0,0.0,196.0,151.0,0.0,196.0,151.0,0.0,196.0,151.0,0.0
07-IMG_0983,W01,0.1,0.00024131155291371389,3.447307898767341e-05,needs_review,840.4306127929688,1065.069345703125,280.8568505859375,284.117900390625,40.752567291259766,0.8916840141905755,219.0,142.0,0.0,21.0,21.0,0.0,319790,222.0,146.0,0.0,13.0,13.0,0.0,250687,224.0,147.0,0.0,10.0,11.0,0.0,203057,224.0,147.0,0.0,10.0,11.0,0.0,203008,222.0,146.0,0.0,223.0,146.0,0.0,224.0,147.0,0.0,224.0,147.0,0.0
07-IMG_0983,W02,0.1,0.0004417994230619299,0.0002806725746511084,needs_review,2144.14265625,1109.771865234375,273.46224609375,276.47010131835935,136.841552734375,0.8945480937756312,218.0,142.0,0.0,24.0,21.0,0.0,302500,221.0,146.0,0.0,15.0,15.0,0.0,237510,223.0,148.0,0.0,13.0,14.0,0.0,192395,223.0,148.0,0.0,13.0,14.0,0.0,192310,221.0,146.0,0.0,222.0,147.0,0.0,223.0,148.0,0.0,224.0,148.0,0.0
07-IMG_0983,W03,0.1,0.0007320538444867195,0.0004093722156669155,needs_review,839.3965063476562,2204.779951171875,282.454716796875,288.8772509765625,47.11661148071289,0.8913711731414864,212.0,144.0,0.0,15.0,16.0,0.0,327184,215.0,147.0,0.0,10.0,11.0,0.0,256336,215.0,147.0,0.0,9.0,11.0,0.0,207635,215.0,147.0,0.0,9.0,11.0,0.0,207483,215.0,147.0,0.0,215.0,147.0,0.0,215.0,147.0,0.0,215.0,147.0,0.0
07-IMG_0983,W04,0.1,3.003303633997397e-05,0.0,needs_review,2173.997724609375,2212.704580078125,279.0371154785156,281.3408093261719,127.4919662475586,0.8872461476708223,207.0,137.0,0.0,19.0,17.0,0.0,314721,210.0,140.0,0.0,13.0,14.0,0.0,246651,210.0,140.0,0.0,12.0,12.0,0.0,199780,210.0,140.0,0.0,12.0,12.0,0.0,199774,210.0,140.0,0.0,210.0,140.0,0.0,210.0,140.0,0.0,210.0,140.0,0.0
08-IMG_0982,W01,0.1,0.06237884007132342,0.0053589734869280885,needs_review,823.9301293945313,1030.9679296875,282.9586706542969,285.88634033203124,45.813602447509766,0.8903133207209979,237.0,140.0,0.0,21.0,19.0,0.0,323761,240.0,143.0,0.0,11.0,12.0,0.0,254165,240.0,144.0,0.0,10.0,11.0,0.0,205823,240.0,143.0,0.0,9.0,9.0,0.0,192984,240.0,143.0,0.0,240.0,143.0,0.0,240.0,144.0,0.0,241.0,144.0,0.0
08-IMG_0982,W02,0.1,0.08564729112674319,0.009255831173639394,needs_review,2133.1676953125,1075.1459619140626,275.37608642578124,277.5351232910156,139.1818084716797,0.8845968435814134,236.0,140.0,0.0,21.0,19.0,0.0,305809,239.0,143.0,0.0,12.0,12.0,0.0,240121,240.0,144.0,0.0,11.0,10.0,0.0,194472,239.0,143.0,0.0,10.0,10.0,0.0,177816,239.0,143.0,0.0,239.0,144.0,0.0,240.0,144.0,0.0,240.0,144.0,0.0
08-IMG_0982,W03,0.1,0.03657555885309463,0.0071322579101048295,needs_review,826.679765625,2174.370556640625,282.8963781738281,290.1812145996094,45.73080825805664,0.8580926151246251,233.0,145.0,0.0,17.0,17.0,0.0,328902,236.0,148.0,0.0,11.0,11.0,0.0,257890,236.0,148.0,0.0,10.0,10.0,0.0,208910,236.0,148.0,0.0,9.0,10.0,0.0,201269,236.0,148.0,0.0,236.0,148.0,0.0,236.0,148.0,0.0,236.0,148.0,0.0
08-IMG_0982,W04,0.1,0.026263837868905716,0.004548067071494615,needs_review,2163.0063574218752,2180.457890625,279.63891723632815,281.18659057617185,112.0295639038086,0.8934300441099198,228.0,139.0,0.0,19.0,17.0,0.0,315282,232.0,141.0,0.0,12.0,12.0,0.0,247014,232.0,141.0,0.0,12.0,11.0,0.0,200085,232.0,141.0,0.0,11.0,11.0,0.0,194830,232.0,141.0,0.0,232.0,141.0,0.0,232.0,141.0,0.0,232.0,141.0,0.0
09-IMG_0980,W01,0.1,0.00014217066166225938,5.686826466490375e-05,needs_review,778.2852246093751,705.2531103515626,287.23885620117187,288.6807861328125,170.9645233154297,0.8897335645652883,204.0,156.0,0.0,22.0,26.0,0.0,332929,207.0,160.0,0.0,13.0,15.0,0.0,260488,209.0,161.0,0.0,10.0,12.0,0.0,211014,209.0,161.0,0.0,10.0,12.0,0.0,210984,207.0,160.0,0.0,208.0,160.0,0.0,209.0,161.0,0.0,210.0,162.0,0.0
09-IMG_0980,W02,0.1,0.0,0.0,needs_review,2107.0302832031252,712.3109252929687,278.55510498046874,280.5570007324219,154.7890625,0.8978447243163719,205.0,159.0,0.0,30.0,36.0,0.0,314160,209.0,165.0,0.0,13.0,17.0,0.0,245500,211.0,167.0,0.0,9.0,12.0,0.0,198862,211.0,167.0,0.0,9.0,12.0,0.0,198862,209.0,165.0,0.0,210.0,166.0,0.0,211.0,167.0,0.0,212.0,168.0,0.0
09-IMG_0980,W03,0.1,0.00015769102116882497,8.123476848090982e-05,needs_review,824.2833764648437,1859.342255859375,283.8569384765625,289.70579223632814,55.93214416503906,0.8883543195897176,197.0,155.0,0.0,22.0,26.0,0.0,331776,201.0,159.0,0.0,14.0,15.0,0.0,258351,202.0,161.0,0.0,12.0,12.0,0.0,209270,202.0,161.0,0.0,12.0,12.0,0.0,209237,201.0,159.0,0.0,201.0,160.0,0.0,202.0,161.0,0.0,203.0,162.0,0.0
09-IMG_0980,W04,0.1,0.0,0.0,needs_review,2165.658837890625,1822.867265625,279.06646728515625,280.20526611328125,96.3923568725586,0.8883658009237587,191.0,146.0,0.0,22.0,21.0,0.0,314160,194.0,150.0,0.0,13.0,13.0,0.0,245663,195.0,151.0,0.0,13.0,13.0,0.0,198979,195.0,151.0,0.0,13.0,13.0,0.0,198979,194.0,150.0,0.0,194.0,150.0,0.0,195.0,151.0,0.0,196.0,152.0,0.0
10-IMG_0979,W01,0.1,0.0,0.0,needs_review,862.393916015625,1158.8560839843751,236.33087768554688,238.599169921875,116.6909408569336,0.8914737614719638,224.0,109.0,0.0,16.0,16.0,0.0,226576,227.0,112.0,0.0,11.0,13.0,0.0,177133,226.0,110.0,0.0,10.0,11.0,0.0,143482,226.0,110.0,0.0,10.0,11.0,0.0,143482,227.0,112.0,0.0,227.0,111.0,0.0,226.0,110.0,0.0,225.0,109.0,0.0
10-IMG_0979,W02,0.1,0.0,0.0,needs_review,1974.35232421875,1168.47568359375,231.32215209960938,234.64090576171876,149.00131225585938,0.8979619438804272,227.0,112.0,0.0,22.0,22.0,0.0,219024,229.0,114.0,0.0,8.0,10.0,0.0,170513,229.0,113.0,0.0,6.0,9.0,0.0,138122,229.0,113.0,0.0,6.0,9.0,0.0,138122,229.0,114.0,0.0,229.0,114.0,0.0,229.0,113.0,0.0,229.0,113.0,0.0
10-IMG_0979,W03,0.1,0.00029275637093626274,0.0002160820833100987,needs_review,895.5851953125,2123.47857421875,236.30849853515625,238.57171508789062,67.78399658203125,0.9000542494685696,207.0,100.0,0.0,24.0,22.0,0.0,226576,211.0,104.0,0.0,18.0,17.0,0.0,177100,209.0,102.0,0.0,16.0,14.0,0.0,143464,209.0,102.0,0.0,16.0,14.0,0.0,143422,211.0,104.0,0.0,211.0,103.0,0.0,209.0,102.0,0.0,208.0,100.0,0.0
10-IMG_0979,W04,0.1,9.438414346389807e-05,6.534286855192943e-05,needs_review,2016.808212890625,2097.702099609375,230.9734423828125,234.33823608398438,153.04209899902344,0.8625459612827958,206.0,97.0,0.0,24.0,21.0,0.0,218089,210.0,102.0,0.0,18.0,17.0,0.0,170032,208.0,99.0,0.0,16.0,14.0,0.0,137735,208.0,99.0,0.0,16.0,14.0,0.0,137722,210.0,102.0,0.0,209.0,101.0,0.0,208.0,99.0,0.0,207.0,98.0,0.0
