image_id,well_id,status,regions,sample_id,dilution,brightness_cut_0_255,uniformity_cut,interior_pixels,selected_fraction
01-IMG_0989,W01,needs_review,46,,,139.87,2.77,188889,0.2212
01-IMG_0989,W02,needs_review,28,,,143.13,2.87,182499,0.2243
01-IMG_0989,W03,needs_review,36,,,126.79,2.62,192390,0.2212
01-IMG_0989,W04,needs_review,33,,,137.71,2.39,190499,0.2255
02-IMG_0988,W01,needs_review,41,,,154.66,2.77,188485,0.204
02-IMG_0988,W02,needs_review,37,,,157.46,2.94,182786,0.2103
02-IMG_0988,W03,needs_review,41,,,142.82,2.78,195642,0.2119
02-IMG_0988,W04,needs_review,41,,,152.51,2.83,192613,0.2087
03-IMG_0987,W01,needs_review,48,,,154.87,2.71,187101,0.2016
03-IMG_0987,W02,needs_review,31,,,157.55,2.97,181688,0.2102
03-IMG_0987,W03,needs_review,36,,,142.55,2.87,194814,0.2153
03-IMG_0987,W04,needs_review,39,,,152.42,2.97,192472,0.2089
04-IMG_0986,W01,needs_review,32,,,151.81,2.33,192049,0.2254
04-IMG_0986,W02,needs_review,23,,,147.8,2.41,183376,0.2271
04-IMG_0986,W03,needs_review,38,,,141.21,2.84,198432,0.2282
04-IMG_0986,W04,needs_review,24,,,143.66,2.59,193353,0.2207
05-IMG_0985,W01,needs_review,47,,,167.09,2.8,193569,0.2106
05-IMG_0985,W02,needs_review,28,,,164.6,2.79,184727,0.2174
05-IMG_0985,W03,needs_review,43,,,159.59,3.59,199954,0.2081
05-IMG_0985,W04,needs_review,24,,,160.99,3.13,194160,0.211
06-IMG_0984,W01,needs_review,47,,,166.72,2.79,192081,0.2084
06-IMG_0984,W02,needs_review,34,,,164.57,2.72,183978,0.2232
06-IMG_0984,W03,needs_review,44,,,158.69,3.76,199860,0.2042
06-IMG_0984,W04,needs_review,24,,,161.01,3.23,194663,0.2123
07-IMG_0983,W01,needs_review,36,,,157.63,3.02,195815,0.2226
07-IMG_0983,W02,needs_review,33,,,159.74,2.82,185412,0.2257
07-IMG_0983,W03,needs_review,48,,,155.9,4.76,200234,0.2135
07-IMG_0983,W04,needs_review,44,,,151.76,4.61,192508,0.2225
08-IMG_0982,W01,needs_review,47,,,161.19,3.65,198635,0.2057
08-IMG_0982,W02,needs_review,39,,,161.89,3.39,187501,0.2126
08-IMG_0982,W03,needs_review,48,,,162.89,5.43,201180,0.1676
08-IMG_0982,W04,needs_review,46,,,157.96,5.11,192916,0.205
09-IMG_0980,W01,needs_review,48,,,166.84,3.32,203852,0.2011
09-IMG_0980,W02,needs_review,46,,,170.55,2.59,191796,0.2039
09-IMG_0980,W03,needs_review,41,,,165.2,3.45,202183,0.2144
09-IMG_0980,W04,needs_review,29,,,159.1,3.95,191944,0.2108
10-IMG_0979,W01,needs_review,33,,,134.25,1.72,138771,0.2207
10-IMG_0979,W02,needs_review,21,,,136.7,1.42,132111,0.2181
10-IMG_0979,W03,needs_review,26,,,126.48,2.36,138339,0.2135
10-IMG_0979,W04,needs_review,25,,,125.49,2.12,132567,0.2168
